Index,Timestamp,Symbol,Action,LotID,Amount,Quantity,LimitPrice,TakeProfit,StopLoss,Ready
1,2023-01-05 09:23,SOXL,TRADE,,"$100,000",,9.6,10.2,9.5,YES
2,2023-01-18 09:22,SPY,TRADE,,"$100,000",,397.5,399.7,396.0,YES
3,2023-01-30 09:17,QQQ,TRADE,,"$100,000",,291.3,293.8,290.0,YES
4,2023-02-02 09:19,SPY,TRADE,,"$100,000",,411.3,415.8,410.0,YES
5,2023-02-03 09:17,SOXL,TRADE,,"$100,000",,16.7,17.0,16.3,YES
6,2023-02-06 09:21,TQQQ,TRADE,,"$100,000",,24.4,25.0,23.9,YES
7,2023-02-06 09:21,SPY,TRADE,,"$100,000",,408.4,411.2,407.0,YES
8,2023-02-07 09:22,QQQ,TRADE,,"$100,000",,303.0,304.8,301.0,YES
9,2023-02-07 09:22,SPY,TRADE,,"$100,000",,408.5,410.6,408.0,YES
10,2023-02-08 09:22,QQQ,TRADE,,"$100,000",,306.4,310.5,305.0,YES
11,2023-02-08 09:22,SPY,TRADE,,"$100,000",,411.0,414.8,408.0,YES
12,2023-02-09 09:23,SPY,TRADE,,"$100,000",,412.5,414.5,410.0,YES
13,2023-02-15 09:18,QQQ,TRADE,,"$100,000",,303.3,306.0,301.8,YES
14,2023-02-15 09:18,SPY,TRADE,,"$100,000",,410.2,412.8,409.0,YES
15,2023-02-21 09:22,SPY,TRADE,,"$100,000",,403.2,405.2,402.0,YES
16,2023-02-23 09:19,QQQ,TRADE,,"$100,000",,296.0,298.5,294.5,YES
17,2023-02-23 09:19,SPY,TRADE,,"$100,000",,399.4,403.1,398.0,YES
18,2023-02-24 09:20,SPY,TRADE,,"$100,000",,395.0,398.4,393.8,YES
19,2023-02-27 09:21,SPY,TRADE,,"$100,000",,397.8,400.1,396.0,YES
20,2023-02-28 09:19,LABU,TRADE,,"$100,000",,6.2,6.65,6.0,YES
21,2023-02-28 09:19,TQQQ,TRADE,,"$100,000",,21.9,22.4,21.8,YES
22,2023-02-28 09:19,SOXL,TRADE,,"$100,000",,14.0,14.8,13.7,YES
23,2023-03-01 09:20,LABU,TRADE,,"$100,000",,6.3,6.7,6.0,YES
24,2023-03-01 09:20,TQQQ,TRADE,,"$100,000",,22.0,22.6,21.8,YES
25,2023-03-01 09:20,SOXL,TRADE,,"$100,000",,14.2,15.0,13.7,YES
26,2023-03-02 09:24,TQQQ,TRADE,,"$100,000",,20.5,21.3,20.0,YES
27,2023-03-02 09:24,LABU,TRADE,,"$100,000",,6.4,6.7,6.1,YES
28,2023-03-02 09:24,SOXL,TRADE,,"$100,000",,13.9,14.3,13.7,YES
29,2023-03-02 09:24,UNH,TRADE,,"$100,000",,473.4,477.0,470.0,YES
30,2023-03-02 09:24,QQQ,TRADE,,"$100,000",,287.6,290.1,286.0,YES
31,2023-03-02 09:24,SQQQ,TRADE,,"$100,000",,39.8,40.4,39.0,YES
32,2023-03-02 09:30,SPY,TRADE,,"$100,000",,391.3,395.4,391.3,YES
33,2023-03-03 09:20,TQQQ,TRADE,,"$100,000",,22.0,22.78,21.8,YES
34,2023-03-03 09:20,SPY,TRADE,,"$100,000",,397.2,399.0,396.0,YES
35,2023-03-03 09:20,LABU,TRADE,,"$100,000",,6.4,6.7,6.2,YES
36,2023-03-03 09:20,SOXL,TRADE,,"$100,000",,14.7,15.3,14.4,YES
37,2023-03-03 09:20,ENPH,TRADE,,"$100,000",,209.2,213.0,205.0,YES
38,2023-03-03 09:20,QQQ,TRADE,,"$100,000",,292.7,296.0,291.0,YES
39,2023-03-06 09:15,TQQQ,TRADE,,"$100,000",,23.1,23.8,22.9,YES
40,2023-03-06 09:15,LABU,TRADE,,"$100,000",,6.5,6.8,6.4,YES
41,2023-03-06 09:15,SOXL,TRADE,,"$100,000",,15.3,16.0,14.8,YES
42,2023-03-07 09:21,TQQQ,TRADE,,"$100,000",,23.0,24.0,22.7,YES
43,2023-03-07 09:21,SOXL,TRADE,,"$100,000",,15.0,15.3,14.6,YES
44,2023-03-07 09:21,LABU,TRADE,,"$100,000",,6.2,6.5,6.0,YES
45,2023-03-08 09:17,TQQQ,TRADE,,"$100,000",,22.0,22.7,21.8,YES
46,2023-03-08 09:17,SOXL,TRADE,,"$100,000",,14.4,14.8,14.0,YES
47,2023-03-09 09:18,LABU,TRADE,,"$100,000",,6.1,6.25,6.0,YES
48,2023-03-09 09:18,TQQQ,TRADE,,"$100,000",,22.8,23.4,22.4,YES
49,2023-03-09 09:18,NUGT,TRADE,,"$100,000",,29.3,30.0,29.0,YES
50,2023-03-10 09:19,QQQ,TRADE,,"$100,000",,292.5,295.0,291.0,YES
51,2023-03-10 09:19,SPY,TRADE,,"$100,000",,390.5,393.2,389.0,YES
52,2023-03-10 09:19,TQQQ,TRADE,,"$100,000",,21.3,22.0,21.0,YES
53,2023-03-10 09:19,SOXL,TRADE,,"$100,000",,14.6,15.2,14.3,YES
54,2023-03-10 09:19,LABU,TRADE,,"$100,000",,5.5,5.8,5.4,YES
55,2023-03-13 09:22,SPY,TRADE,,"$100,000",,382.0,385.7,380.0,YES
56,2023-03-13 09:22,TQQQ,TRADE,,"$100,000",,20.3,21.0,20.0,YES
57,2023-03-13 09:22,SOXL,TRADE,,"$100,000",,13.5,14.0,13.1,YES
58,2023-03-13 09:22,QQQ,TRADE,,"$100,000",,285.3,290.0,284.0,YES
59,2023-03-13 09:22,SQQQ,TRADE,,"$100,000",,40.4,42.0,39.8,YES
60,2023-03-13 09:22,LABU,TRADE,,"$100,000",,4.7,4.9,4.5,YES
61,2023-03-14 09:21,QQQ,TRADE,,"$100,000",,290.1,294.0,288.5,YES
62,2023-03-14 09:21,SPY,TRADE,,"$100,000",,387.7,391.5,386.0,YES
63,2023-03-15 09:24,SPY,TRADE,,"$100,000",,383.8,385.5,382.0,YES
64,2023-03-15 09:24,TQQQ,TRADE,,"$100,000",,21.4,22.0,21.0,YES
65,2023-03-16 09:22,SPY,TRADE,,"$100,000",,385.8,387.7,384.5,YES
66,2023-03-16 09:22,SOXL,TRADE,,"$100,000",,14.4,14.8,13.9,YES
67,2023-03-17 09:21,SPY,TRADE,,"$100,000",,391.6,395.5,389.0,YES
68,2023-03-17 09:21,TQQQ,TRADE,,"$100,000",,24.4,25.5,24.0,YES
69,2023-03-17 09:21,LABU,TRADE,,"$100,000",,5.15,5.6,4.9,YES
70,2023-03-20 09:20,TQQQ,TRADE,,"$100,000",,24.3,25.0,24.0,YES
71,2023-03-20 09:20,QQQ,TRADE,,"$100,000",,304.4,306.7,303.0,YES
72,2023-03-21 09:11,QQQ,TRADE,,"$100,000",,304.5,308.0,303.8,YES
73,2023-03-21 09:11,TQQQ,TRADE,,"$100,000",,25.0,25.5,24.9,YES
74,2023-03-21 09:11,SPY,TRADE,,"$100,000",,394.8,396.2,393.0,YES
75,2023-03-21 09:11,SOXL,TRADE,,"$100,000",,16.2,16.8,15.7,YES
76,2023-03-21 09:11,LABU,TRADE,,"$100,000",,5.1,5.4,5.0,YES
77,2023-03-22 09:21,TQQQ,TRADE,,"$100,000",,25.3,26.0,24.6,YES
78,2023-03-22 09:21,SPY,TRADE,,"$100,000",,398.1,400.1,396.7,YES
79,2023-03-22 09:21,LABU,TRADE,,"$100,000",,4.8,5.1,4.7,YES
80,2023-03-23 09:22,QQQ,TRADE,,"$100,000",,306.0,309.2,305.4,YES
81,2023-03-23 09:22,TQQQ,TRADE,,"$100,000",,24.4,25.5,23.8,YES
82,2023-03-23 09:22,SPY,TRADE,,"$100,000",,391.4,394.8,390.0,YES
83,2023-03-23 09:22,SOXL,TRADE,,"$100,000",,16.1,17.1,15.8,YES
84,2023-03-24 09:24,TQQQ,TRADE,,"$100,000",,24.8,25.2,24.3,YES
85,2023-03-24 09:24,SOXL,TRADE,,"$100,000",,16.7,17.2,16.2,YES
86,2023-03-27 09:10,TQQQ,TRADE,,"$100,000",,25.4,26.2,25.0,YES
87,2023-03-27 09:10,SOXL,TRADE,,"$100,000",,16.4,17.0,15.8,YES
88,2023-03-27 09:10,ENPH,TRADE,,"$100,000",,192.2,198.0,191.0,YES
89,2023-03-28 09:23,TQQQ,TRADE,,"$100,000",,24.3,25.2,24.0,YES
90,2023-03-28 09:23,SOXL,TRADE,,"$100,000",,15.3,16.0,15.0,YES
91,2023-03-28 09:23,LABU,TRADE,,"$100,000",,4.5,4.8,4.4,YES
92,2023-03-29 09:23,SOXL,TRADE,,"$100,000",,16.0,16.7,15.7,YES
93,2023-03-29 09:23,LABU,TRADE,,"$100,000",,4.6,4.8,4.4,YES
94,2023-03-30 09:17,QQQ,TRADE,,"$100,000",,310.5,315.0,310.0,YES
95,2023-03-30 09:17,TQQQ,TRADE,,"$100,000",,25.7,26.8,25.0,YES
96,2023-03-30 09:17,SPY,TRADE,,"$100,000",,400.0,404.0,399.3,YES
97,2023-03-30 09:17,SOXL,TRADE,,"$100,000",,17.2,18.0,16.8,YES
98,2023-03-30 09:17,LABU,TRADE,,"$100,000",,4.7,5.0,4.5,YES
99,2023-03-31 09:18,QQQ,TRADE,,"$100,000",,314.8,317.0,314.0,YES
100,2023-03-31 09:18,TQQQ,TRADE,,"$100,000",,26.8,27.3,26.4,YES
101,2023-03-31 09:18,SPY,TRADE,,"$100,000",,403.5,405.4,402.0,YES
102,2023-03-31 09:18,LABU,TRADE,,"$100,000",,4.5,4.8,4.4,YES
103,2023-03-31 09:18,SOXL,TRADE,,"$100,000",,17.5,18.0,17.3,YES
104,2023-04-03 09:21,QQQ,TRADE,,"$100,000",,318.0,319.8,316.7,YES
105,2023-04-03 09:21,SPY,TRADE,,"$100,000",,408.4,409.7,408.0,YES
106,2023-04-03 09:21,TQQQ,TRADE,,"$100,000",,27.5,28.0,26.8,YES
107,2023-04-03 09:21,SOXL,TRADE,,"$100,000",,17.7,18.0,17.5,YES
108,2023-04-04 09:22,TQQQ,TRADE,,"$100,000",,27.7,28.2,27.0,YES
109,2023-04-04 09:22,SPY,TRADE,,"$100,000",,409.5,411.5,408.0,YES
110,2023-04-04 09:22,SOXL,TRADE,,"$100,000",,17.5,18.0,17.0,YES
111,2023-04-04 09:22,LABU,TRADE,,"$100,000",,4.9,5.2,4.7,YES
112,2023-04-04 09:22,QQQ,TRADE,,"$100,000",,318.7,321.0,317.0,YES
113,2023-04-05 09:22,QQQ,TRADE,,"$100,000",,317.8,320.0,316.0,YES
114,2023-04-05 09:22,TQQQ,TRADE,,"$100,000",,27.4,28.0,27.0,YES
115,2023-04-05 09:22,SPY,TRADE,,"$100,000",,406.7,408.3,405.8,YES
116,2023-04-05 09:22,LABU,TRADE,,"$100,000",,4.6,4.8,4.5,YES
117,2023-04-05 09:22,KO,TRADE,,"$100,000",,62.0,62.3,61.8,YES
118,2023-04-05 09:22,OXY,TRADE,,"$100,000",,63.6,64.9,63.0,YES
119,2023-04-06 09:23,QQQ,TRADE,,"$100,000",,313.0,314.9,311.7,YES
120,2023-04-06 09:23,TQQQ,TRADE,,"$100,000",,26.2,27.0,26.0,YES
121,2023-04-06 09:23,SPY,TRADE,,"$100,000",,405.7,408.1,404.8,YES
122,2023-04-06 09:23,LABU,TRADE,,"$100,000",,4.6,4.8,4.4,YES
123,2023-04-10 09:14,TQQQ,TRADE,,"$100,000",,26.4,27.0,26.0,YES
124,2023-04-10 09:14,SPY,TRADE,,"$100,000",,406.2,407.7,405.5,YES
125,2023-04-10 09:14,LABU,TRADE,,"$100,000",,4.7,5.0,4.5,YES
126,2023-04-10 09:14,SOXL,TRADE,,"$100,000",,15.0,15.5,14.8,YES
127,2023-04-10 09:14,QQQ,TRADE,,"$100,000",,315.2,316.3,314.0,YES
128,2023-04-11 09:22,QQQ,TRADE,,"$100,000",,314.4,318.1,313.0,YES
129,2023-04-11 09:22,TQQQ,TRADE,,"$100,000",,26.7,27.4,26.0,YES
130,2023-04-11 09:22,SPY,TRADE,,"$100,000",,407.3,410.7,406.7,YES
131,2023-04-11 09:22,SOXL,TRADE,,"$100,000",,16.0,16.8,15.8,YES
132,2023-04-11 09:22,LABU,TRADE,,"$100,000",,4.76,5.0,4.5,YES
133,2023-04-12 09:19,LABU,TRADE,,"$100,000",,4.9,5.1,4.7,YES
134,2023-04-13 09:19,TQQQ,TRADE,,"$100,000",,26.3,26.9,26.0,YES
135,2023-04-13 09:19,SPY,TRADE,,"$100,000",,408.1,409.0,407.5,YES
136,2023-04-13 09:19,SOXL,TRADE,,"$100,000",,15.3,15.8,15.0,YES
137,2023-04-14 09:20,QQQ,TRADE,,"$100,000",,316.0,320.0,315.4,YES
138,2023-04-14 09:20,TQQQ,TRADE,,"$100,000",,27.0,27.7,26.6,YES
139,2023-04-14 09:20,SPY,TRADE,,"$100,000",,411.5,413.6,410.0,YES
140,2023-04-14 09:20,SOXL,TRADE,,"$100,000",,15.4,16.0,15.0,YES
141,2023-04-14 09:20,LABU,TRADE,,"$100,000",,5.1,5.6,5.0,YES
142,2023-04-17 09:13,SPY,TRADE,,"$100,000",,411.3,413.2,410.0,YES
143,2023-04-17 09:13,LABU,TRADE,,"$100,000",,5.2,5.5,5.0,YES
144,2023-04-18 09:12,TQQQ,TRADE,,"$100,000",,26.9,28.1,26.5,YES
145,2023-04-18 09:12,SPY,TRADE,,"$100,000",,412.4,416.4,411.0,YES
146,2023-04-18 09:12,LABU,TRADE,,"$100,000",,5.6,6.08,5.4,YES
147,2023-04-18 09:12,SOXL,TRADE,,"$100,000",,15.2,16.0,14.8,YES
148,2023-04-18 09:12,QQQ,TRADE,,"$100,000",,317.1,321.2,315.0,YES
149,2023-04-19 09:19,QQQ,TRADE,,"$100,000",,315.8,317.2,313.2,YES
150,2023-04-19 09:19,TQQQ,TRADE,,"$100,000",,26.7,27.4,26.0,YES
151,2023-04-19 09:19,SPY,TRADE,,"$100,000",,411.8,413.6,410.0,YES
152,2023-04-19 09:19,LABU,TRADE,,"$100,000",,5.4,5.8,5.2,YES
153,2023-04-19 09:19,SOXL,TRADE,,"$100,000",,15.0,15.6,14.7,YES
154,2023-04-20 09:20,QQQ,TRADE,,"$100,000",,315.3,317.3,314.1,YES
155,2023-04-20 09:20,SPY,TRADE,,"$100,000",,411.1,413.1,410.3,YES
156,2023-04-20 09:20,TQQQ,TRADE,,"$100,000",,26.6,27.0,26.3,YES
157,2023-04-20 09:20,LABU,TRADE,,"$100,000",,5.7,6.0,5.6,YES
158,2023-04-20 09:20,SOXL,TRADE,,"$100,000",,14.6,15.2,14.4,YES
159,2023-04-21 09:18,QQQ,TRADE,,"$100,000",,314.9,315.8,314.4,YES
160,2023-04-21 09:18,SPY,TRADE,,"$100,000",,411.0,412.5,410.0,YES
161,2023-04-21 09:18,SOXL,TRADE,,"$100,000",,15.0,15.5,14.7,YES
162,2023-04-21 09:18,LABU,TRADE,,"$100,000",,5.6,5.8,5.4,YES
163,2023-04-24 09:19,QQQ,TRADE,,"$100,000",,315.5,317.6,314.0,YES
164,2023-04-24 09:19,TQQQ,TRADE,,"$100,000",,26.6,27.2,26.1,YES
165,2023-04-24 09:19,SPY,TRADE,,"$100,000",,411.1,412.5,410.0,YES
166,2023-04-24 09:19,LABU,TRADE,,"$100,000",,5.8,6.04,5.6,YES
167,2023-04-24 09:19,SOXL,TRADE,,"$100,000",,14.7,15.3,14.3,YES
168,2023-04-25 09:20,QQQ,TRADE,,"$100,000",,313.2,315.5,312.4,YES
169,2023-04-25 09:20,SPY,TRADE,,"$100,000",,410.4,412.3,410.0,YES
170,2023-04-25 09:20,LABU,TRADE,,"$100,000",,5.67,5.89,5.6,YES
171,2023-04-25 09:20,SOXL,TRADE,,"$100,000",,14.2,14.7,14.0,YES
172,2023-04-26 09:19,QQQ,TRADE,,"$100,000",,310.4,314.0,309.0,YES
173,2023-04-26 09:19,TQQQ,TRADE,,"$100,000",,25.1,26.1,24.8,YES
174,2023-04-26 09:19,SPY,TRADE,,"$100,000",,405.4,407.8,405.0,YES
175,2023-04-26 09:19,SOXL,TRADE,,"$100,000",,13.1,13.5,13.0,YES
176,2023-04-26 09:19,LABU,TRADE,,"$100,000",,5.4,5.66,5.3,YES
177,2023-04-27 09:18,TQQQ,TRADE,,"$100,000",,26.0,26.6,25.7,YES
178,2023-04-27 09:18,SPY,TRADE,,"$100,000",,405.8,407.7,404.0,YES
179,2023-04-27 09:18,SOXL,TRADE,,"$100,000",,13.1,13.6,13.0,YES
180,2023-04-27 09:18,LABU,TRADE,,"$100,000",,5.4,5.6,5.3,YES
181,2023-04-28 09:20,QQQ,TRADE,,"$100,000",,319.0,320.9,318.5,YES
182,2023-04-28 09:20,TQQQ,TRADE,,"$100,000",,27.3,28.0,27.0,YES
183,2023-04-28 09:20,SPY,TRADE,,"$100,000",,410.6,412.9,409.0,YES
184,2023-04-28 09:20,SOXL,TRADE,,"$100,000",,13.3,13.8,13.1,YES
185,2023-05-01 09:19,QQQ,TRADE,,"$100,000",,320.5,321.6,319.7,YES
186,2023-05-01 09:19,TQQQ,TRADE,,"$100,000",,27.8,28.2,25.0,YES
187,2023-05-01 09:19,SPY,TRADE,,"$100,000",,413.9,416.0,412.5,YES
188,2023-05-01 09:19,LABU,TRADE,,"$100,000",,5.3,5.7,5.1,YES
189,2023-05-02 09:19,TQQQ,TRADE,,"$100,000",,27.8,28.3,27.0,YES
190,2023-05-02 09:19,LABU,TRADE,,"$100,000",,5.66,6.1,5.4,YES
191,2023-05-03 09:24,TQQQ,TRADE,,"$100,000",,27.3,27.8,26.9,YES
192,2023-05-04 09:23,QQQ,TRADE,,"$100,000",,315.7,317.6,314.5,YES
193,2023-05-05 09:20,TQQQ,TRADE,,"$100,000",,26.8,27.2,26.0,YES
194,2023-05-08 09:23,QQQ,TRADE,,"$100,000",,320.8,323.2,318.0,YES
195,2023-05-08 09:23,TQQQ,TRADE,,"$100,000",,27.8,28.4,27.4,YES
196,2023-05-08 09:23,SPY,TRADE,,"$100,000",,411.8,414.6,410.0,YES
197,2023-05-08 09:23,LABU,TRADE,,"$100,000",,6.2,6.8,6.0,YES
198,2023-05-09 09:20,SPY,TRADE,,"$100,000",,410.4,412.1,408.0,YES
199,2023-05-09 09:20,LABU,TRADE,,"$100,000",,6.23,6.5,6.0,YES
200,2023-05-09 09:20,SOXL,TRADE,,"$100,000",,13.9,14.34,13.7,YES
201,2023-05-10 09:24,TQQQ,TRADE,,"$100,000",,27.9,29.4,27.0,YES
202,2023-05-11 09:22,TQQQ,TRADE,,"$100,000",,28.1,29.5,27.7,YES
203,2023-05-11 09:22,SPY,TRADE,,"$100,000",,410.5,412.3,408.9,YES
204,2023-05-11 09:22,SOXL,TRADE,,"$100,000",,13.9,14.3,13.6,YES
205,2023-05-11 09:22,LABU,TRADE,,"$100,000",,6.8,7.2,6.7,YES
206,2023-05-12 09:20,QQQ,TRADE,,"$100,000",,325.2,328.1,324.0,YES
207,2023-05-12 09:20,TQQQ,TRADE,,"$100,000",,28.8,30.6,28.3,YES
208,2023-05-12 09:20,SPY,TRADE,,"$100,000",,411.3,413.8,410.0,YES
209,2023-05-12 09:20,LABU,TRADE,,"$100,000",,6.8,7.0,6.5,YES
210,2023-05-12 09:20,SOXL,TRADE,,"$100,000",,13.93,14.4,13.5,YES
211,2023-05-15 09:18,QQQ,TRADE,,"$100,000",,325.0,326.1,324.0,YES
212,2023-05-15 09:18,TQQQ,TRADE,,"$100,000",,28.7,29.2,28.3,YES
213,2023-05-15 09:18,SPY,TRADE,,"$100,000",,411.4,413.5,410.8,YES
214,2023-05-15 09:18,SOXL,TRADE,,"$100,000",,13.9,14.4,13.4,YES
215,2023-05-15 09:18,LABU,TRADE,,"$100,000",,6.55,6.8,6.4,YES
216,2023-05-17 09:16,QQQ,TRADE,,"$100,000",,325.8,328.5,324.8,YES
217,2023-05-17 09:16,TQQQ,TRADE,,"$100,000",,28.8,29.6,28.0,YES
218,2023-05-17 09:16,LABU,TRADE,,"$100,000",,6.43,6.7,6.2,YES
219,2023-05-17 09:16,TSLA,TRADE,,"$100,000",,164.7,170.3,163.8,YES
220,2023-05-18 09:20,QQQ,TRADE,,"$100,000",,328.1,331.5,327.0,YES
221,2023-05-18 09:20,TQQQ,TRADE,,"$100,000",,29.5,30.8,29.2,YES
222,2023-05-18 09:20,SPY,TRADE,,"$100,000",,413.9,416.0,410.9,YES
223,2023-05-18 09:20,SOXL,TRADE,,"$100,000",,15.7,16.4,15.4,YES
224,2023-05-19 09:17,QQQ,TRADE,,"$100,000",,335.5,339.0,334.8,YES
225,2023-05-19 09:17,SPY,TRADE,,"$100,000",,418.0,421.5,416.7,YES
226,2023-05-19 09:17,TQQQ,TRADE,,"$100,000",,31.5,32.6,31.1,YES
227,2023-05-19 09:17,LABU,TRADE,,"$100,000",,6.38,6.6,6.1,YES
228,2023-05-19 09:17,SOXL,TRADE,,"$100,000",,16.7,17.7,16.3,YES
229,2023-05-22 09:19,SPY,TRADE,,"$100,000",,418.0,419.2,416.8,YES
230,2023-05-22 09:19,LABU,TRADE,,"$100,000",,6.44,6.7,6.2,YES
231,2023-05-23 09:15,TQQQ,TRADE,,"$100,000",,31.4,31.9,30.8,YES
232,2023-05-23 09:15,SOXL,TRADE,,"$100,000",,17.2,17.5,16.7,YES
233,2023-05-24 09:19,QQQ,TRADE,,"$100,000",,330.8,332.0,329.5,YES
234,2023-05-24 09:19,TQQQ,TRADE,,"$100,000",,30.0,30.5,29.6,YES
235,2023-05-24 09:19,SPY,TRADE,,"$100,000",,411.5,413.2,410.0,YES
236,2023-05-24 09:19,LABU,TRADE,,"$100,000",,6.8,7.0,6.6,YES
237,2023-05-25 09:10,TQQQ,TRADE,,"$100,000",,30.8,32.4,30.0,YES
238,2023-05-25 09:10,LABU,TRADE,,"$100,000",,6.5,6.8,6.3,YES
239,2023-05-26 09:16,QQQ,TRADE,,"$100,000",,337.7,342.4,336.4,YES
240,2023-05-26 09:16,TQQQ,TRADE,,"$100,000",,32.0,33.0,31.6,YES
241,2023-05-26 09:16,SPY,TRADE,,"$100,000",,412.4,415.5,412.0,YES
242,2023-05-26 09:16,SOXL,TRADE,,"$100,000",,19.6,20.4,19.3,YES
243,2023-05-26 09:16,LABU,TRADE,,"$100,000",,6.1,6.4,6.0,YES
244,2023-05-30 09:11,QQQ,TRADE,,"$100,000",,352.6,355.8,351.0,YES
245,2023-05-30 09:11,TQQQ,TRADE,,"$100,000",,36.2,37.0,35.8,YES
246,2023-05-30 09:11,SPY,TRADE,,"$100,000",,422.0,423.9,420.0,YES
247,2023-05-30 09:11,LABU,TRADE,,"$100,000",,6.15,6.43,6.0,YES
248,2023-05-31 09:23,QQQ,TRADE,,"$100,000",,347.8,350.3,345.0,YES
249,2023-05-31 09:23,TQQQ,TRADE,,"$100,000",,34.7,35.4,34.0,YES
250,2023-05-31 09:23,SPY,TRADE,,"$100,000",,417.0,420.0,416.0,YES
251,2023-05-31 09:23,LABU,TRADE,,"$100,000",,6.0,6.3,5.9,YES
252,2023-06-01 09:15,QQQ,TRADE,,"$100,000",,346.0,348.3,343.7,YES
253,2023-06-01 09:15,TQQQ,TRADE,,"$100,000",,34.3,35.0,33.4,YES
254,2023-06-01 09:15,SPY,TRADE,,"$100,000",,417.0,418.2,415.2,YES
255,2023-06-01 09:15,SOXL,TRADE,,"$100,000",,21.0,21.7,20.0,YES
256,2023-06-01 09:15,LABU,TRADE,,"$100,000",,6.04,6.4,6.0,YES
257,2023-06-02 09:12,QQQ,TRADE,,"$100,000",,352.8,354.2,350.0,YES
258,2023-06-02 09:12,TQQQ,TRADE,,"$100,000",,36.2,36.7,35.8,YES
259,2023-06-02 09:12,SPY,TRADE,,"$100,000",,422.0,424.7,420.0,YES
260,2023-06-02 09:12,LABU,TRADE,,"$100,000",,6.4,6.7,6.2,YES
261,2023-06-02 09:12,TSLA,TRADE,,"$100,000",,204.8,209.7,203.7,YES
262,2023-06-05 09:17,TQQQ,TRADE,,"$100,000",,35.5,36.9,35.0,YES
263,2023-06-05 09:17,SPY,TRADE,,"$100,000",,426.6,428.4,424.7,YES
264,2023-06-05 09:17,LABU,TRADE,,"$100,000",,6.4,6.8,6.1,YES
265,2023-06-05 09:17,SOXL,TRADE,,"$100,000",,20.8,22.0,20.0,YES
266,2023-06-05 09:17,TSLA,TRADE,,"$100,000",,212.2,216.0,209.0,YES
267,2023-06-06 09:20,QQQ,TRADE,,"$100,000",,352.0,354.8,351.5,YES
268,2023-06-06 09:20,TQQQ,TRADE,,"$100,000",,36.2,36.8,35.8,YES
269,2023-06-06 09:20,SPY,TRADE,,"$100,000",,424.4,427.8,423.0,YES
270,2023-06-06 09:20,SOXL,TRADE,,"$100,000",,20.5,21.1,19.8,YES
271,2023-06-06 09:20,LABU,TRADE,,"$100,000",,6.6,6.86,6.5,YES
272,2023-06-07 09:21,TQQQ,TRADE,,"$100,000",,36.2,37.0,35.8,YES
273,2023-06-07 09:21,SPY,TRADE,,"$100,000",,426.7,429.0,426.0,YES
274,2023-06-07 09:21,SOXL,TRADE,,"$100,000",,21.1,22.3,20.8,YES
275,2023-06-07 09:21,LABU,TRADE,,"$100,000",,6.9,7.2,6.8,YES
276,2023-06-08 09:10,TQQQ,TRADE,,"$100,000",,35.0,36.0,34.5,YES
277,2023-06-08 09:10,SPY,TRADE,,"$100,000",,426.3,428.0,425.5,YES
278,2023-06-08 09:10,SOXL,TRADE,,"$100,000",,21.1,21.8,20.8,YES
279,2023-06-08 09:10,LABU,TRADE,,"$100,000",,7.0,7.25,6.9,YES
280,2023-06-09 09:20,QQQ,TRADE,,"$100,000",,353.6,355.5,352.0,YES
281,2023-06-09 09:20,TQQQ,TRADE,,"$100,000",,36.3,37.0,36.0,YES
282,2023-06-09 09:20,SPY,TRADE,,"$100,000",,428.2,429.7,426.0,YES
283,2023-06-09 09:20,TNA,TRADE,,"$100,000",,35.2,36.2,34.5,YES
284,2023-06-09 09:20,SOXL,TRADE,,"$100,000",,21.9,23.1,21.4,YES
285,2023-06-09 09:20,LABU,TRADE,,"$100,000",,6.93,7.27,6.7,YES
286,2023-06-12 09:19,QQQ,TRADE,,"$100,000",,353.2,357.0,351.7,YES
287,2023-06-12 09:19,TQQQ,TRADE,,"$100,000",,36.6,37.5,35.7,YES
288,2023-06-12 09:19,SOXL,TRADE,,"$100,000",,22.6,23.5,22.0,YES
289,2023-06-12 09:19,LABU,TRADE,,"$100,000",,7.0,7.3,6.9,YES
290,2023-06-13 09:17,QQQ,TRADE,,"$100,000",,357.0,365.0,354.7,YES
291,2023-06-13 09:17,TQQQ,TRADE,,"$100,000",,37.6,40.0,37.1,YES
292,2023-06-13 09:17,SPY,TRADE,,"$100,000",,432.0,436.6,430.8,YES
293,2023-06-13 09:17,SOXL,TRADE,,"$100,000",,24.6,26.5,24.0,YES
294,2023-06-14 09:24,QQQ,TRADE,,"$100,000",,360.6,364.0,358.0,YES
295,2023-06-14 09:24,TQQQ,TRADE,,"$100,000",,38.5,39.4,38.0,YES
296,2023-06-14 09:24,SPY,TRADE,,"$100,000",,435.3,437.0,434.4,YES
297,2023-06-14 09:24,SOXL,TRADE,,"$100,000",,24.5,25.5,24.0,YES
298,2023-06-14 09:24,LABU,TRADE,,"$100,000",,7.3,7.67,7.0,YES
299,2023-06-15 09:06,QQQ,TRADE,,"$100,000",,363.0,364.2,360.5,YES
300,2023-06-15 09:06,TQQQ,TRADE,,"$100,000",,39.3,40.2,38.4,YES
301,2023-06-15 09:06,SPY,TRADE,,"$100,000",,435.2,437.0,433.0,YES
302,2023-06-15 09:06,TNA,TRADE,,"$100,000",,34.3,35.4,33.7,YES
303,2023-06-15 09:06,LABU,TRADE,,"$100,000",,7.06,7.28,6.9,YES
304,2023-06-16 09:12,QQQ,TRADE,,"$100,000",,367.2,372.3,366.0,YES
305,2023-06-16 09:12,TQQQ,TRADE,,"$100,000",,40.8,42.3,40.0,YES
306,2023-06-16 09:12,SPY,TRADE,,"$100,000",,438.0,443.2,435.8,YES
307,2023-06-16 09:12,SOXL,TRADE,,"$100,000",,25.7,26.7,25.1,YES
308,2023-06-20 09:06,QQQ,TRADE,,"$100,000",,367.3,369.5,365.4,YES
309,2023-06-20 09:06,SPY,TRADE,,"$100,000",,437.4,440.0,436.2,YES
310,2023-06-20 09:06,TNA,TRADE,,"$100,000",,34.4,35.3,33.8,YES
311,2023-06-20 09:06,SOXL,TRADE,,"$100,000",,24.6,25.3,24.2,YES
312,2023-06-20 09:06,LABU,TRADE,,"$100,000",,6.9,7.15,6.8,YES
313,2023-06-21 09:15,QQQ,TRADE,,"$100,000",,364.1,366.5,363.0,YES
314,2023-06-21 09:15,TQQQ,TRADE,,"$100,000",,39.5,40.5,39.0,YES
315,2023-06-21 09:15,SPY,TRADE,,"$100,000",,435.0,437.7,434.5,YES
316,2023-06-21 09:15,TNA,TRADE,,"$100,000",,33.8,34.5,33.0,YES
317,2023-06-22 09:15,QQQ,TRADE,,"$100,000",,360.0,362.8,359.6,YES
318,2023-06-22 09:15,TQQQ,TRADE,,"$100,000",,38.2,39.2,37.7,YES
319,2023-06-22 09:15,TNA,TRADE,,"$100,000",,33.6,34.3,33.0,YES
320,2023-06-22 09:15,SOXL,TRADE,,"$100,000",,22.3,23.1,22.0,YES
321,2023-06-22 09:15,LABU,TRADE,,"$100,000",,6.67,6.9,6.5,YES
322,2023-06-23 09:15,QQQ,TRADE,,"$100,000",,360.5,362.8,359.6,YES
323,2023-06-23 09:15,TQQQ,TRADE,,"$100,000",,38.4,39.2,37.6,YES
324,2023-06-23 09:15,SPY,TRADE,,"$100,000",,433.0,435.0,432.4,YES
325,2023-06-23 09:15,SOXL,TRADE,,"$100,000",,21.3,22.3,20.8,YES
326,2023-06-23 09:15,LABU,TRADE,,"$100,000",,6.53,6.73,6.3,YES
327,2023-06-26 09:20,TQQQ,TRADE,,"$100,000",,38.4,39.0,37.9,YES
328,2023-06-26 09:20,SPY,TRADE,,"$100,000",,432.1,434.3,430.7,YES
329,2023-06-26 09:20,LABU,TRADE,,"$100,000",,6.3,6.5,6.1,YES
330,2023-06-27 09:19,SPY,TRADE,,"$100,000",,431.8,432.8,430.7,YES
331,2023-06-27 09:19,SOXL,TRADE,,"$100,000",,22.1,22.8,21.8,YES
332,2023-06-27 09:19,LABU,TRADE,,"$100,000",,5.8,6.2,5.7,YES
333,2023-06-27 09:19,QQQ,TRADE,,"$100,000",,358.5,359.8,357.0,YES
334,2023-06-27 09:19,TQQQ,TRADE,,"$100,000",,37.6,38.3,37.0,YES
335,2023-06-28 09:22,QQQ,TRADE,,"$100,000",,359.3,362.3,358.0,YES
336,2023-06-28 09:22,TQQQ,TRADE,,"$100,000",,38.1,39.0,37.5,YES
337,2023-06-28 09:22,SPY,TRADE,,"$100,000",,434.0,436.1,432.0,YES
338,2023-06-28 09:22,LABU,TRADE,,"$100,000",,5.66,5.95,5.5,YES
339,2023-06-29 09:21,SPY,TRADE,,"$100,000",,434.7,436.0,434.0,YES
340,2023-06-29 09:21,LABU,TRADE,,"$100,000",,5.8,6.1,5.6,YES
341,2023-06-30 09:17,TQQQ,TRADE,,"$100,000",,40.0,40.9,39.5,YES
342,2023-06-30 09:17,SPY,TRADE,,"$100,000",,439.5,442.2,438.3,YES
343,2023-06-30 09:17,SOXL,TRADE,,"$100,000",,23.9,24.7,23.6,YES
344,2023-06-30 09:17,LABU,TRADE,,"$100,000",,5.8,6.0,5.6,YES
345,2023-07-03 09:15,QQQ,TRADE,,"$100,000",,367.5,370.2,366.7,YES
346,2023-07-03 09:15,SPY,TRADE,,"$100,000",,441.3,443.7,440.0,YES
347,2023-07-03 09:15,TQQQ,TRADE,,"$100,000",,40.5,41.5,40.0,YES
348,2023-07-03 09:15,SOXL,TRADE,,"$100,000",,24.5,25.2,24.0,YES
349,2023-07-03 09:15,LABU,TRADE,,"$100,000",,5.83,6.05,5.7,YES
350,2023-07-05 09:24,QQQ,TRADE,,"$100,000",,368.0,369.9,367.5,YES
351,2023-07-05 09:24,TQQQ,TRADE,,"$100,000",,40.5,41.3,40.0,YES
352,2023-07-05 09:24,SPY,TRADE,,"$100,000",,441.2,443.4,440.0,YES
353,2023-07-05 09:24,SOXL,TRADE,,"$100,000",,24.4,25.3,24.0,YES
354,2023-07-06 09:22,TQQQ,TRADE,,"$100,000",,39.4,40.1,39.0,YES
355,2023-07-06 09:22,LABU,TRADE,,"$100,000",,5.66,5.84,5.5,YES
356,2023-07-07 09:18,QQQ,TRADE,,"$100,000",,365.3,366.9,364.2,YES
357,2023-07-07 09:18,TQQQ,TRADE,,"$100,000",,39.8,40.4,39.0,YES
358,2023-07-07 09:18,SPY,TRADE,,"$100,000",,438.2,439.8,437.5,YES
359,2023-07-07 09:18,LABU,TRADE,,"$100,000",,5.5,5.7,5.3,YES
360,2023-07-07 09:18,SOXL,TRADE,,"$100,000",,22.3,23.1,22.0,YES
361,2023-07-10 09:19,TQQQ,TRADE,,"$100,000",,39.6,40.2,39.0,YES
362,2023-07-10 09:19,SPY,TRADE,,"$100,000",,438.1,439.4,437.5,YES
363,2023-07-10 09:19,LABU,TRADE,,"$100,000",,5.58,5.7,5.4,YES
364,2023-07-10 09:19,SOXL,TRADE,,"$100,000",,22.5,23.3,22.0,YES
365,2023-07-11 09:26,QQQ,TRADE,,"$100,000",,365.8,367.4,364.3,YES
366,2023-07-11 09:26,TQQQ,TRADE,,"$100,000",,40.0,40.4,39.3,YES
367,2023-07-11 09:26,SPY,TRADE,,"$100,000",,438.6,440.8,437.4,YES
368,2023-07-12 09:15,TQQQ,TRADE,,"$100,000",,41.2,42.3,40.6,YES
369,2023-07-12 09:15,SPY,TRADE,,"$100,000",,443.9,447.4,443.0,YES
370,2023-07-12 09:15,TNA,TRADE,,"$100,000",,37.2,39.0,36.8,YES
371,2023-07-12 09:15,SOXL,TRADE,,"$100,000",,24.6,25.6,24.0,YES
372,2023-07-12 09:15,LABU,TRADE,,"$100,000",,6.0,6.3,5.9,YES
373,2023-07-13 09:23,QQQ,TRADE,,"$100,000",,372.8,375.6,371.0,YES
374,2023-07-13 09:23,SPY,TRADE,,"$100,000",,443.4,449.7,443.0,YES
375,2023-07-13 09:23,TQQQ,TRADE,,"$100,000",,42.1,44.2,41.7,YES
376,2023-07-13 09:23,SOXL,TRADE,,"$100,000",,25.6,26.6,25.0,YES
377,2023-07-14 09:19,TQQQ,TRADE,,"$100,000",,42.8,44.2,42.0,YES
378,2023-07-17 09:21,QQQ,TRADE,,"$100,000",,376.0,380.2,375.2,YES
379,2023-07-17 09:21,TQQQ,TRADE,,"$100,000",,43.0,44.2,42.5,YES
380,2023-07-17 09:21,SPY,TRADE,,"$100,000",,448.0,450.3,447.2,YES
381,2023-07-17 09:21,LABU,TRADE,,"$100,000",,6.0,6.27,5.8,YES
382,2023-07-18 09:18,QQQ,TRADE,,"$100,000",,380.0,382.4,379.2,YES
383,2023-07-18 09:18,TQQQ,TRADE,,"$100,000",,44.2,45.1,44.0,YES
384,2023-07-18 09:18,SPY,TRADE,,"$100,000",,449.1,450.5,448.5,YES
385,2023-07-18 09:18,SOXL,TRADE,,"$100,000",,26.2,28.0,25.8,YES
386,2023-07-18 09:18,LABU,TRADE,,"$100,000",,6.1,6.5,6.0,YES
387,2023-07-19 09:21,QQQ,TRADE,,"$100,000",,383.3,387.1,380.0,YES
388,2023-07-19 09:21,TQQQ,TRADE,,"$100,000",,45.0,47.0,44.1,YES
389,2023-07-19 09:21,SPY,TRADE,,"$100,000",,451.2,456.0,450.0,YES
390,2023-07-19 09:21,LABU,TRADE,,"$100,000",,6.2,6.5,6.0,YES
391,2023-07-20 09:22,QQQ,TRADE,,"$100,000",,381.7,382.6,380.0,YES
392,2023-07-20 09:22,TQQQ,TRADE,,"$100,000",,44.2,45.0,44.0,YES
393,2023-07-20 09:22,SPY,TRADE,,"$100,000",,451.7,454.0,450.0,YES
394,2023-07-21 09:16,SPY,TRADE,,"$100,000",,452.7,454.8,452.0,YES
395,2023-07-21 09:16,TQQQ,TRADE,,"$100,000",,43.7,44.3,43.0,YES
396,2023-07-21 09:16,SOXL,TRADE,,"$100,000",,24.6,25.3,24.0,YES
397,2023-07-21 09:16,LABU,TRADE,,"$100,000",,6.1,6.24,6.0,YES
398,2023-07-24 09:18,QQQ,TRADE,,"$100,000",,376.0,378.0,374.8,YES
399,2023-07-24 09:18,TQQQ,TRADE,,"$100,000",,42.8,43.3,42.0,YES
400,2023-07-24 09:18,SPY,TRADE,,"$100,000",,452.9,453.8,451.0,YES
401,2023-07-24 09:18,LABU,TRADE,,"$100,000",,6.08,6.32,6.0,YES
402,2023-07-24 09:18,SOXL,TRADE,,"$100,000",,24.5,25.4,24.0,YES
403,2023-07-25 09:15,QQQ,TRADE,,"$100,000",,376.1,377.8,375.6,YES
404,2023-07-25 09:15,TQQQ,TRADE,,"$100,000",,43.0,43.7,42.6,YES
405,2023-07-25 09:15,SPY,TRADE,,"$100,000",,452.4,455.0,451.0,YES
406,2023-07-25 09:15,SOXL,TRADE,,"$100,000",,24.6,25.4,24.2,YES
407,2023-07-25 09:15,LABU,TRADE,,"$100,000",,5.8,6.2,5.7,YES
408,2023-07-26 09:14,QQQ,TRADE,,"$100,000",,376.6,379.6,376.0,YES
409,2023-07-26 09:14,TQQQ,TRADE,,"$100,000",,42.9,44.2,42.5,YES
410,2023-07-26 09:14,SPY,TRADE,,"$100,000",,454.3,456.2,453.0,YES
411,2023-07-26 09:14,LABU,TRADE,,"$100,000",,5.8,6.0,5.7,YES
412,2023-07-27 09:13,TQQQ,TRADE,,"$100,000",,44.3,45.3,44.0,YES
413,2023-07-27 09:13,SPY,TRADE,,"$100,000",,454.0,459.4,453.0,YES
414,2023-07-27 09:13,SOXL,TRADE,,"$100,000",,25.8,26.9,25.0,YES
415,2023-07-28 09:18,QQQ,TRADE,,"$100,000",,378.5,382.7,378.0,YES
416,2023-07-28 09:18,TQQQ,TRADE,,"$100,000",,43.8,44.5,43.0,YES
417,2023-07-28 09:18,SPY,TRADE,,"$100,000",,455.1,460.0,454.0,YES
418,2023-07-28 09:18,SOXL,TRADE,,"$100,000",,26.4,28.0,26.0,YES
419,2023-07-28 09:18,LABU,TRADE,,"$100,000",,5.57,5.79,5.5,YES
420,2023-07-31 09:19,QQQ,TRADE,,"$100,000",,381.8,384.6,381.0,YES
421,2023-07-31 09:19,TQQQ,TRADE,,"$100,000",,44.8,45.8,44.3,YES
422,2023-07-31 09:19,SPY,TRADE,,"$100,000",,455.5,457.7,455.0,YES
423,2023-07-31 09:19,SOXL,TRADE,,"$100,000",,27.2,28.6,27.0,YES
424,2023-07-31 09:19,LABU,TRADE,,"$100,000",,5.8,6.05,5.7,YES
425,2023-08-01 09:16,QQQ,TRADE,,"$100,000",,380.5,383.4,380.0,YES
426,2023-08-01 09:16,TQQQ,TRADE,,"$100,000",,44.1,45.0,43.8,YES
427,2023-08-01 09:16,SPY,TRADE,,"$100,000",,455.3,457.5,454.5,YES
428,2023-08-01 09:16,LABU,TRADE,,"$100,000",,5.8,5.9,5.7,YES
429,2023-08-01 09:16,SOXL,TRADE,,"$100,000",,27.2,28.0,26.8,YES
430,2023-08-02 09:18,QQQ,TRADE,,"$100,000",,376.4,379.8,375.0,YES
431,2023-08-02 09:18,TQQQ,TRADE,,"$100,000",,42.9,43.8,42.0,YES
432,2023-08-02 09:18,SPY,TRADE,,"$100,000",,452.5,454.2,450.0,YES
433,2023-08-02 09:18,LABU,TRADE,,"$100,000",,5.5,5.7,5.3,YES
434,2023-08-02 09:18,SOXL,TRADE,,"$100,000",,26.8,27.6,26.0,YES
435,2023-08-03 09:19,QQQ,TRADE,,"$100,000",,370.0,373.9,369.0,YES
436,2023-08-03 09:19,TQQQ,TRADE,,"$100,000",,40.1,41.5,39.0,YES
437,2023-08-03 09:19,SPY,TRADE,,"$100,000",,447.2,449.3,446.0,YES
438,2023-08-03 09:19,LABU,TRADE,,"$100,000",,5.46,5.6,5.3,YES
439,2023-08-03 09:19,SOXL,TRADE,,"$100,000",,23.8,24.7,23.5,YES
440,2023-08-04 09:15,QQQ,TRADE,,"$100,000",,373.2,375.9,373.0,YES
441,2023-08-04 09:15,TQQQ,TRADE,,"$100,000",,41.7,42.4,41.0,YES
442,2023-08-04 09:15,SPY,TRADE,,"$100,000",,448.4,451.0,448.0,YES
443,2023-08-04 09:15,LABU,TRADE,,"$100,000",,5.3,5.55,5.2,YES
444,2023-08-04 09:15,SOXL,TRADE,,"$100,000",,24.2,25.3,23.7,YES
445,2023-08-07 09:19,QQQ,TRADE,,"$100,000",,372.0,374.5,371.0,YES
446,2023-08-07 09:19,TQQQ,TRADE,,"$100,000",,41.1,42.0,40.6,YES
447,2023-08-07 09:19,SPY,TRADE,,"$100,000",,446.7,449.8,446.0,YES
448,2023-08-07 09:19,SOXL,TRADE,,"$100,000",,24.6,25.5,24.0,YES
449,2023-08-08 09:21,QQQ,TRADE,,"$100,000",,371.7,373.8,370.0,YES
450,2023-08-08 09:21,TQQQ,TRADE,,"$100,000",,40.8,41.5,40.0,YES
451,2023-08-08 09:21,SPY,TRADE,,"$100,000",,446.7,448.0,445.0,YES
452,2023-08-08 09:21,SOXL,TRADE,,"$100,000",,24.2,25.1,23.8,YES
453,2023-08-08 09:21,LABU,TRADE,,"$100,000",,4.7,4.9,4.6,YES
454,2023-08-09 09:21,QQQ,TRADE,,"$100,000",,371.4,373.8,370.0,YES
455,2023-08-09 09:21,TQQQ,TRADE,,"$100,000",,40.8,41.7,40.0,YES
456,2023-08-09 09:21,SPY,TRADE,,"$100,000",,447.8,448.9,446.0,YES
457,2023-08-09 09:21,SOXL,TRADE,,"$100,000",,24.0,24.6,23.7,YES
458,2023-08-09 09:21,LABU,TRADE,,"$100,000",,4.84,5.1,4.7,YES
459,2023-08-10 09:22,TQQQ,TRADE,,"$100,000",,39.9,41.1,39.0,YES
460,2023-08-10 09:22,SPY,TRADE,,"$100,000",,446.8,448.3,446.0,YES
461,2023-08-10 09:22,LABU,TRADE,,"$100,000",,4.88,5.13,4.8,YES
462,2023-08-10 09:22,SOXL,TRADE,,"$100,000",,23.3,24.0,23.0,YES
463,2023-08-11 09:19,QQQ,TRADE,,"$100,000",,364.7,367.1,363.8,YES
464,2023-08-11 09:19,TQQQ,TRADE,,"$100,000",,39.0,39.6,38.5,YES
465,2023-08-11 09:19,SPY,TRADE,,"$100,000",,442.4,443.8,442.0,YES
466,2023-08-14 09:20,QQQ,TRADE,,"$100,000",,363.7,366.2,363.0,YES
467,2023-08-14 09:20,TQQQ,TRADE,,"$100,000",,37.8,39.2,37.0,YES
468,2023-08-14 09:20,SPY,TRADE,,"$100,000",,442.7,445.0,442.0,YES
469,2023-08-14 09:20,SOXL,TRADE,,"$100,000",,20.4,21.1,20.0,YES
470,2023-08-14 09:20,LABU,TRADE,,"$100,000",,4.87,5.13,4.8,YES
471,2023-08-15 09:23,QQQ,TRADE,,"$100,000",,367.0,370.1,365.4,YES
472,2023-08-15 09:23,TQQQ,TRADE,,"$100,000",,39.3,40.3,39.0,YES
473,2023-08-15 09:23,SPY,TRADE,,"$100,000",,445.7,448.0,445.0,YES
474,2023-08-15 09:23,LABU,TRADE,,"$100,000",,4.9,5.14,4.8,YES
475,2023-08-15 09:23,SOXL,TRADE,,"$100,000",,21.9,23.1,21.7,YES
476,2023-08-16 09:24,QQQ,TRADE,,"$100,000",,364.8,367.7,364.0,YES
477,2023-08-16 09:24,TQQQ,TRADE,,"$100,000",,38.6,39.6,38.2,YES
478,2023-08-16 09:24,SPY,TRADE,,"$100,000",,442.2,444.6,441.0,YES
479,2023-08-16 09:24,LABU,TRADE,,"$100,000",,4.91,5.1,4.8,YES
480,2023-08-17 09:19,QQQ,TRADE,,"$100,000",,362.2,365.0,361.0,YES
481,2023-08-17 09:19,TQQQ,TRADE,,"$100,000",,37.8,38.6,37.0,YES
482,2023-08-17 09:19,SPY,TRADE,,"$100,000",,439.6,441.8,438.0,YES
483,2023-08-17 09:19,SOXL,TRADE,,"$100,000",,20.4,21.1,19.8,YES
484,2023-08-17 09:19,LABU,TRADE,,"$100,000",,4.7,4.9,4.6,YES
485,2023-08-18 09:19,QQQ,TRADE,,"$100,000",,354.7,357.0,354.0,YES
486,2023-08-18 09:19,TQQQ,TRADE,,"$100,000",,34.8,36.3,34.0,YES
487,2023-08-18 09:19,SPY,TRADE,,"$100,000",,433.2,435.4,433.0,YES
488,2023-08-18 09:19,SOXL,TRADE,,"$100,000",,19.1,19.9,18.9,YES
489,2023-08-18 09:19,LABU,TRADE,,"$100,000",,4.38,4.7,4.3,YES
490,2023-08-21 09:17,QQQ,TRADE,,"$100,000",,357.0,360.4,356.0,YES
491,2023-08-21 09:17,TQQQ,TRADE,,"$100,000",,36.2,37.3,36.0,YES
492,2023-08-21 09:17,SPY,TRADE,,"$100,000",,435.2,438.0,434.0,YES
493,2023-08-21 09:17,SOXL,TRADE,,"$100,000",,19.7,20.6,19.5,YES
494,2023-08-21 09:17,LABU,TRADE,,"$100,000",,4.52,4.77,4.4,YES
495,2023-08-22 09:22,QQQ,TRADE,,"$100,000",,364.1,366.5,363.0,YES
496,2023-08-22 09:22,TQQQ,TRADE,,"$100,000",,37.8,39.2,37.0,YES
497,2023-08-22 09:22,SPY,TRADE,,"$100,000",,439.6,441.5,438.0,YES
498,2023-08-22 09:22,SOXL,TRADE,,"$100,000",,21.9,22.9,21.5,YES
499,2023-08-22 09:22,LABU,TRADE,,"$100,000",,4.55,4.86,4.5,YES
500,2023-08-23 09:21,SPY,TRADE,,"$100,000",,438.8,440.0,438.0,YES
501,2023-08-23 09:21,SOXL,TRADE,,"$100,000",,20.4,21.6,20.1,YES
502,2023-08-23 09:21,LABU,TRADE,,"$100,000",,4.7,4.9,4.5,YES
503,2023-08-24 09:18,QQQ,TRADE,,"$100,000",,367.4,373.5,366.0,YES
504,2023-08-24 09:18,TQQQ,TRADE,,"$100,000",,40.1,41.2,39.7,YES
505,2023-08-24 09:18,SPY,TRADE,,"$100,000",,441.1,445.3,440.0,YES
506,2023-08-24 09:18,SOXL,TRADE,,"$100,000",,21.8,24.0,21.0,YES
507,2023-08-24 09:18,LABU,TRADE,,"$100,000",,4.7,5.03,4.6,YES
508,2023-08-25 09:19,QQQ,TRADE,,"$100,000",,359.8,362.6,359.0,YES
509,2023-08-25 09:19,TQQQ,TRADE,,"$100,000",,36.7,37.7,36.0,YES
510,2023-08-25 09:19,SPY,TRADE,,"$100,000",,436.1,438.6,435.0,YES
511,2023-08-25 09:19,SOXL,TRADE,,"$100,000",,20.2,20.9,20.0,YES
512,2023-08-25 09:19,LABU,TRADE,,"$100,000",,4.62,4.74,4.6,YES
513,2023-08-28 09:17,QQQ,TRADE,,"$100,000",,359.8,367.0,359.2,YES
514,2023-08-28 09:17,SPY,TRADE,,"$100,000",,438.2,442.5,437.0,YES
515,2023-08-28 09:17,LABU,TRADE,,"$100,000",,4.7,5.0,4.6,YES
516,2023-08-28 09:17,SOXL,TRADE,,"$100,000",,20.1,21.1,19.8,YES
517,2023-08-29 09:18,QQQ,TRADE,,"$100,000",,364.2,366.8,364.0,YES
518,2023-08-29 09:18,TQQQ,TRADE,,"$100,000",,38.0,39.0,37.8,YES
519,2023-08-29 09:18,SPY,TRADE,,"$100,000",,440.2,443.0,440.0,YES
520,2023-08-29 09:18,LABU,TRADE,,"$100,000",,4.7,4.95,4.6,YES
521,2023-08-29 09:18,SOXL,TRADE,,"$100,000",,20.7,21.9,20.5,YES
522,2023-08-30 09:20,TQQQ,TRADE,,"$100,000",,40.4,41.6,40.0,YES
523,2023-08-30 09:20,SPY,TRADE,,"$100,000",,447.5,450.1,447.0,YES
524,2023-08-30 09:20,LABU,TRADE,,"$100,000",,4.76,5.0,4.6,YES
525,2023-08-30 09:20,SOXL,TRADE,,"$100,000",,22.2,23.2,21.8,YES
526,2023-08-31 09:19,QQQ,TRADE,,"$100,000",,374.8,378.0,374.0,YES
527,2023-08-31 09:19,TQQQ,TRADE,,"$100,000",,41.4,42.5,41.0,YES
528,2023-08-31 09:19,SPY,TRADE,,"$100,000",,449.3,452.2,448.0,YES
529,2023-08-31 09:19,LABU,TRADE,,"$100,000",,4.84,5.05,4.8,YES
530,2023-08-31 09:19,SOXL,TRADE,,"$100,000",,22.4,23.7,22.0,YES
531,2023-09-01 09:19,QQQ,TRADE,,"$100,000",,376.5,381.0,375.0,YES
532,2023-09-01 09:19,TQQQ,TRADE,,"$100,000",,42.0,43.7,41.7,YES
533,2023-09-01 09:19,SPY,TRADE,,"$100,000",,450.7,453.2,450.0,YES
534,2023-09-01 09:19,LABU,TRADE,,"$100,000",,4.92,5.1,4.8,YES
535,2023-09-01 09:19,SOXL,TRADE,,"$100,000",,23.4,24.4,23.0,YES
536,2023-09-05 09:19,QQQ,TRADE,,"$100,000",,374.8,376.8,374.4,YES
537,2023-09-05 09:19,TQQQ,TRADE,,"$100,000",,41.3,42.0,41.0,YES
538,2023-09-05 09:19,LABU,TRADE,,"$100,000",,4.9,5.2,4.8,YES
539,2023-09-05 09:19,SOXL,TRADE,,"$100,000",,23.4,24.2,23.0,YES
540,2023-09-06 09:19,QQQ,TRADE,,"$100,000",,374.8,377.4,373.0,YES
541,2023-09-06 09:19,TQQQ,TRADE,,"$100,000",,41.5,42.3,41.0,YES
542,2023-09-06 09:19,SPY,TRADE,,"$100,000",,446.8,448.3,446.0,YES
543,2023-09-06 09:19,SOXL,TRADE,,"$100,000",,22.8,23.9,22.5,YES
544,2023-09-06 09:19,LABU,TRADE,,"$100,000",,4.85,5.08,4.8,YES
545,2023-09-07 09:20,QQQ,TRADE,,"$100,000",,368.3,371.0,367.0,YES
546,2023-09-07 09:20,TQQQ,TRADE,,"$100,000",,39.0,40.4,38.0,YES
547,2023-09-07 09:20,SPY,TRADE,,"$100,000",,442.7,444.0,442.0,YES
548,2023-09-07 09:20,LABU,TRADE,,"$100,000",,4.9,5.1,4.8,YES
549,2023-09-07 09:20,SOXL,TRADE,,"$100,000",,21.6,22.0,21.3,YES
550,2023-09-08 09:17,QQQ,TRADE,,"$100,000",,370.2,372.4,369.5,YES
551,2023-09-08 09:17,TQQQ,TRADE,,"$100,000",,39.7,40.5,39.0,YES
552,2023-09-08 09:17,SPY,TRADE,,"$100,000",,443.7,445.4,443.0,YES
553,2023-09-08 09:17,SOXL,TRADE,,"$100,000",,21.1,21.9,21.0,YES
554,2023-09-08 09:17,LABU,TRADE,,"$100,000",,4.7,4.9,4.6,YES
555,2023-09-11 09:18,SPY,TRADE,,"$100,000",,446.8,448.4,446.2,YES
556,2023-09-11 09:18,SOXL,TRADE,,"$100,000",,21.3,22.3,21.0,YES
557,2023-09-11 09:18,LABU,TRADE,,"$100,000",,4.72,4.93,4.6,YES
558,2023-09-12 09:19,QQQ,TRADE,,"$100,000",,374.7,376.8,374.0,YES
559,2023-09-12 09:19,TQQQ,TRADE,,"$100,000",,41.1,41.7,40.7,YES
560,2023-09-12 09:19,SPY,TRADE,,"$100,000",,446.8,448.4,445.8,YES
561,2023-09-12 09:19,SOXL,TRADE,,"$100,000",,20.7,21.4,20.4,YES
562,2023-09-12 09:19,LABU,TRADE,,"$100,000",,4.7,4.84,4.6,YES
563,2023-09-13 09:17,QQQ,TRADE,,"$100,000",,371.8,373.8,370.3,YES
564,2023-09-13 09:17,TQQQ,TRADE,,"$100,000",,39.8,40.8,39.0,YES
565,2023-09-13 09:17,SPY,TRADE,,"$100,000",,444.3,446.2,443.7,YES
566,2023-09-13 09:17,SOXL,TRADE,,"$100,000",,20.4,21.4,20.0,YES
567,2023-09-13 09:17,LABU,TRADE,,"$100,000",,4.74,4.97,4.65,YES
568,2023-09-14 09:15,QQQ,TRADE,,"$100,000",,372.5,376.7,372.0,YES
569,2023-09-14 09:15,TQQQ,TRADE,,"$100,000",,40.6,41.8,40.0,YES
570,2023-09-14 09:15,SPY,TRADE,,"$100,000",,445.8,449.7,445.0,YES
571,2023-09-14 09:15,LABU,TRADE,,"$100,000",,4.75,4.92,4.7,YES
572,2023-09-14 09:15,SOXL,TRADE,,"$100,000",,21.0,21.9,20.8,YES
573,2023-09-15 09:17,QQQ,TRADE,,"$100,000",,374.3,376.5,372.8,YES
574,2023-09-15 09:17,TQQQ,TRADE,,"$100,000",,41.1,41.6,40.6,YES
575,2023-09-15 09:17,SPY,TRADE,,"$100,000",,447.5,449.3,446.0,YES
576,2023-09-15 09:17,LABU,TRADE,,"$100,000",,4.6,4.72,4.5,YES
577,2023-09-15 09:17,SOXL,TRADE,,"$100,000",,20.9,21.4,20.5,YES
578,2023-09-18 09:19,QQQ,TRADE,,"$100,000",,368.6,371.2,367.1,YES
579,2023-09-18 09:19,TQQQ,TRADE,,"$100,000",,39.3,39.7,38.8,YES
580,2023-09-18 09:19,SPY,TRADE,,"$100,000",,442.5,444.0,441.0,YES
581,2023-09-18 09:19,LABU,TRADE,,"$100,000",,4.41,4.57,4.3,YES
582,2023-09-18 09:19,SOXL,TRADE,,"$100,000",,19.1,19.9,18.8,YES
583,2023-09-19 09:18,QQQ,TRADE,,"$100,000",,368.5,370.1,367.4,YES
584,2023-09-19 09:18,TQQQ,TRADE,,"$100,000",,39.1,39.7,38.8,YES
585,2023-09-19 09:18,SPY,TRADE,,"$100,000",,441.8,443.2,440.7,YES
586,2023-09-19 09:18,LABU,TRADE,,"$100,000",,4.26,4.43,4.1,YES
587,2023-09-19 09:18,SOXL,TRADE,,"$100,000",,19.1,20.1,18.7,YES
588,2023-09-20 09:15,QQQ,TRADE,,"$100,000",,368.6,371.9,367.3,YES
589,2023-09-20 09:15,TQQQ,TRADE,,"$100,000",,39.2,40.2,38.4,YES
590,2023-09-20 09:15,SPY,TRADE,,"$100,000",,441.8,444.0,440.0,YES
591,2023-09-20 09:15,SOXL,TRADE,,"$100,000",,19.2,20.4,18.8,YES
592,2023-09-20 09:15,LABU,TRADE,,"$100,000",,4.3,4.44,4.2,YES
593,2023-09-21 09:20,SPY,TRADE,,"$100,000",,434.6,437.2,433.0,YES
594,2023-09-21 09:20,SOXL,TRADE,,"$100,000",,17.1,18.3,16.8,YES
595,2023-09-21 09:20,LABU,TRADE,,"$100,000",,3.8,4.02,3.7,YES
596,2023-09-22 09:17,QQQ,TRADE,,"$100,000",,357.0,360.6,356.0,YES
597,2023-09-22 09:17,TQQQ,TRADE,,"$100,000",,35.3,36.5,35.0,YES
598,2023-09-22 09:17,SPY,TRADE,,"$100,000",,431.7,433.8,431.0,YES
599,2023-09-22 09:17,LABU,TRADE,,"$100,000",,3.8,4.0,3.7,YES
600,2023-09-22 09:17,SOXL,TRADE,,"$100,000",,17.5,18.1,17.3,YES
601,2023-09-25 09:15,QQQ,TRADE,,"$100,000",,354.5,357.0,353.5,YES
602,2023-09-25 09:15,TQQQ,TRADE,,"$100,000",,34.6,35.5,33.8,YES
603,2023-09-25 09:15,SPY,TRADE,,"$100,000",,427.8,429.5,426.4,YES
604,2023-09-25 09:15,LABU,TRADE,,"$100,000",,3.73,3.83,3.7,YES
605,2023-09-25 09:15,SOXL,TRADE,,"$100,000",,17.3,17.9,17.0,YES
606,2023-09-26 09:20,QQQ,TRADE,,"$100,000",,357.0,358.0,356.0,YES
607,2023-09-26 09:20,TQQQ,TRADE,,"$100,000",,35.2,35.8,34.8,YES
608,2023-09-26 09:20,SPY,TRADE,,"$100,000",,428.4,429.7,428.0,YES
609,2023-09-26 09:20,SOXL,TRADE,,"$100,000",,17.3,17.9,16.9,YES
610,2023-09-26 09:20,LABU,TRADE,,"$100,000",,3.63,3.75,3.6,YES
611,2023-09-27 09:20,QQQ,TRADE,,"$100,000",,354.0,357.0,353.8,YES
612,2023-09-27 09:20,TQQQ,TRADE,,"$100,000",,34.6,35.4,34.0,YES
613,2023-09-27 09:20,SPY,TRADE,,"$100,000",,426.0,428.5,425.0,YES
614,2023-09-27 09:20,LABU,TRADE,,"$100,000",,3.75,3.91,3.7,YES
615,2023-09-27 09:20,SOXL,TRADE,,"$100,000",,17.3,17.9,17.0,YES
616,2023-09-28 09:23,QQQ,TRADE,,"$100,000",,353.3,357.0,352.0,YES
617,2023-09-28 09:23,TQQQ,TRADE,,"$100,000",,34.2,35.1,34.0,YES
618,2023-09-28 09:23,SPY,TRADE,,"$100,000",,425.0,427.5,423.0,YES
619,2023-09-28 09:23,SOXL,TRADE,,"$100,000",,17.2,17.9,16.9,YES
620,2023-09-28 09:23,LABU,TRADE,,"$100,000",,3.8,4.0,3.7,YES
621,2023-09-29 09:19,QQQ,TRADE,,"$100,000",,360.0,362.1,359.3,YES
622,2023-09-29 09:19,TQQQ,TRADE,,"$100,000",,35.7,36.8,35.0,YES
623,2023-09-29 09:19,SPY,TRADE,,"$100,000",,430.0,433.8,429.5,YES
624,2023-09-29 09:19,LABU,TRADE,,"$100,000",,3.83,4.03,3.8,YES
625,2023-09-29 09:19,SOXL,TRADE,,"$100,000",,19.1,19.7,18.8,YES
626,2023-10-02 09:18,QQQ,TRADE,,"$100,000",,357.0,358.3,355.3,YES
627,2023-10-02 09:18,TQQQ,TRADE,,"$100,000",,35.1,35.6,34.3,YES
628,2023-10-02 09:18,SPY,TRADE,,"$100,000",,425.8,428.6,424.0,YES
629,2023-10-02 09:18,LABU,TRADE,,"$100,000",,3.73,3.85,3.67,YES
630,2023-10-02 09:18,SOXL,TRADE,,"$100,000",,18.2,19.2,17.6,YES
631,2023-10-03 09:16,QQQ,TRADE,,"$100,000",,357.0,359.3,356.2,YES
632,2023-10-03 09:16,TQQQ,TRADE,,"$100,000",,35.2,36.0,34.0,YES
633,2023-10-03 09:16,SPY,TRADE,,"$100,000",,424.3,425.4,423.0,YES
634,2023-10-03 09:16,SOXL,TRADE,,"$100,000",,18.1,18.9,17.8,YES
635,2023-10-04 09:20,QQQ,TRADE,,"$100,000",,354.2,356.3,353.7,YES
636,2023-10-04 09:20,TQQQ,TRADE,,"$100,000",,34.4,35.3,34.0,YES
637,2023-10-04 09:20,SPY,TRADE,,"$100,000",,421.4,422.7,420.0,YES
638,2023-10-04 09:20,SOXL,TRADE,,"$100,000",,17.5,18.2,17.2,YES
639,2023-10-04 09:20,LABU,TRADE,,"$100,000",,3.33,3.45,3.3,YES
640,2023-10-05 09:20,QQQ,TRADE,,"$100,000",,357.0,359.8,356.0,YES
641,2023-10-05 09:20,TQQQ,TRADE,,"$100,000",,34.8,36.0,34.0,YES
642,2023-10-05 09:20,SPY,TRADE,,"$100,000",,422.2,424.8,422.0,YES
643,2023-10-05 09:20,SOXL,TRADE,,"$100,000",,18.1,18.8,17.6,YES
644,2023-10-05 09:20,LABU,TRADE,,"$100,000",,3.26,3.4,3.2,YES
645,2023-10-06 09:18,QQQ,TRADE,,"$100,000",,353.0,354.8,352.0,YES
646,2023-10-06 09:18,TQQQ,TRADE,,"$100,000",,34.2,35.0,34.0,YES
647,2023-10-06 09:18,SPY,TRADE,,"$100,000",,420.5,422.0,420.0,YES
648,2023-10-06 09:18,SOXL,TRADE,,"$100,000",,17.7,18.4,17.4,YES
649,2023-10-06 09:18,LABU,TRADE,,"$100,000",,3.4,3.56,3.35,YES
650,2023-10-09 09:19,QQQ,TRADE,,"$100,000",,361.3,364.5,360.7,YES
651,2023-10-09 09:19,TQQQ,TRADE,,"$100,000",,36.4,37.0,36.0,YES
652,2023-10-09 09:19,SPY,TRADE,,"$100,000",,426.2,428.3,462.0,YES
653,2023-10-09 09:19,SOXL,TRADE,,"$100,000",,18.5,19.3,18.2,YES
654,2023-10-09 09:19,LABU,TRADE,,"$100,000",,3.43,3.56,3.4,YES
655,2023-10-10 09:17,QQQ,TRADE,,"$100,000",,362.8,367.0,362.0,YES
656,2023-10-10 09:17,TQQQ,TRADE,,"$100,000",,37.0,38.1,36.7,YES
657,2023-10-10 09:17,SPY,TRADE,,"$100,000",,429.5,433.5,428.7,YES
658,2023-10-10 09:17,SOXL,TRADE,,"$100,000",,18.8,19.6,18.5,YES
659,2023-10-10 09:17,LABU,TRADE,,"$100,000",,3.43,3.61,3.4,YES
660,2023-10-11 09:18,QQQ,TRADE,,"$100,000",,368.7,371.3,368.0,YES
661,2023-10-11 09:18,TQQQ,TRADE,,"$100,000",,38.3,39.3,38.0,YES
662,2023-10-11 09:18,SPY,TRADE,,"$100,000",,434.5,435.4,433.0,YES
663,2023-10-11 09:18,SOXL,TRADE,,"$100,000",,19.6,20.5,19.0,YES
664,2023-10-11 09:18,LABU,TRADE,,"$100,000",,3.48,3.67,3.4,YES
665,2023-10-12 09:13,QQQ,TRADE,,"$100,000",,368.8,371.4,367.7,YES
666,2023-10-12 09:13,TQQQ,TRADE,,"$100,000",,38.5,39.6,38.0,YES
667,2023-10-12 09:13,SPY,TRADE,,"$100,000",,433.5,437.2,433.0,YES
668,2023-10-12 09:13,SOXL,TRADE,,"$100,000",,19.8,20.7,19.6,YES
669,2023-10-12 09:13,LABU,TRADE,,"$100,000",,3.42,3.6,3.4,YES
670,2023-10-13 09:19,QQQ,TRADE,,"$100,000",,369.4,371.3,368.7,YES
671,2023-10-13 09:19,TQQQ,TRADE,,"$100,000",,38.7,39.2,38.4,YES
672,2023-10-13 09:19,SPY,TRADE,,"$100,000",,433.2,436.2,433.0,YES
673,2023-10-13 09:19,SOXL,TRADE,,"$100,000",,20.3,21.0,19.8,YES
674,2023-10-13 09:19,LABU,TRADE,,"$100,000",,3.1,3.2,3.07,YES
675,2023-10-16 09:17,TQQQ,TRADE,,"$100,000",,36.8,38.0,36.2,YES
676,2023-10-16 09:17,LABU,TRADE,,"$100,000",,3.14,3.25,3.1,YES
677,2023-10-16 09:17,SOXL,TRADE,,"$100,000",,18.8,19.2,18.4,YES
678,2023-10-17 09:22,QQQ,TRADE,,"$100,000",,364.1,366.6,363.0,YES
679,2023-10-17 09:22,TQQQ,TRADE,,"$100,000",,37.2,37.9,37.0,YES
680,2023-10-17 09:22,SPY,TRADE,,"$100,000",,432.3,433.7,431.8,YES
681,2023-10-17 09:22,LABU,TRADE,,"$100,000",,3.13,3.28,3.1,YES
682,2023-10-18 09:22,TQQQ,TRADE,,"$100,000",,36.6,37.7,36.0,YES
683,2023-10-18 09:22,SPY,TRADE,,"$100,000",,432.0,436.0,431.0,YES
684,2023-10-18 09:22,SOXL,TRADE,,"$100,000",,18.0,18.7,17.9,YES
685,2023-10-19 09:20,QQQ,TRADE,,"$100,000",,362.0,365.7,361.4,YES
686,2023-10-19 09:20,TQQQ,TRADE,,"$100,000",,36.4,37.6,36.0,YES
687,2023-10-19 09:20,SPY,TRADE,,"$100,000",,429.4,431.5,429.0,YES
688,2023-10-19 09:20,SOXL,TRADE,,"$100,000",,18.1,18.9,17.8,YES
689,2023-10-19 09:20,LABU,TRADE,,"$100,000",,3.04,3.17,3.0,YES
690,2023-10-19 09:20,LABD,TRADE,,"$100,000",,22.7,24.1,22.0,YES
691,2023-10-20 09:20,QQQ,TRADE,,"$100,000",,358.4,359.8,357.4,YES
692,2023-10-20 09:20,TQQQ,TRADE,,"$100,000",,35.2,35.7,35.0,YES
693,2023-10-20 09:20,SPY,TRADE,,"$100,000",,424.8,426.0,424.0,YES
694,2023-10-20 09:20,SOXL,TRADE,,"$100,000",,17.2,17.8,16.8,YES
695,2023-10-20 09:20,LABD,TRADE,,"$100,000",,26.2,27.0,26.0,YES
696,2023-10-23 09:20,QQQ,TRADE,,"$100,000",,351.7,354.0,351.0,YES
697,2023-10-23 09:20,TQQQ,TRADE,,"$100,000",,33.3,34.0,33.0,YES
698,2023-10-23 09:20,SPY,TRADE,,"$100,000",,418.0,421.0,417.0,YES
699,2023-10-23 09:20,SOXL,TRADE,,"$100,000",,16.1,16.5,16.0,YES
700,2023-10-23 09:20,LABU,TRADE,,"$100,000",,2.8,2.9,2.76,YES
701,2023-10-23 09:20,LABD,TRADE,,"$100,000",,26.0,27.1,25.8,YES
702,2023-10-24 09:20,TQQQ,TRADE,,"$100,000",,33.2,35.0,33.0,YES
703,2023-10-24 09:20,SPY,TRADE,,"$100,000",,419.2,422.8,418.8,YES
704,2023-10-24 09:20,SOXL,TRADE,,"$100,000",,16.2,16.8,16.0,YES
705,2023-10-24 09:20,LABU,TRADE,,"$100,000",,2.67,2.73,2.6,YES
706,2023-10-24 09:20,LABD,TRADE,,"$100,000",,26.7,28.1,26.5,YES
707,2023-10-25 09:21,QQQ,TRADE,,"$100,000",,355.6,358.3,354.6,YES
708,2023-10-25 09:21,TQQQ,TRADE,,"$100,000",,34.3,35.0,34.0,YES
709,2023-10-25 09:21,SPY,TRADE,,"$100,000",,421.3,422.5,420.8,YES
710,2023-10-25 09:21,SOXL,TRADE,,"$100,000",,16.3,16.7,16.0,YES
711,2023-10-25 09:21,LABU,TRADE,,"$100,000",,2.71,2.85,2.7,YES
712,2023-10-25 09:21,LABD,TRADE,,"$100,000",,26.1,26.7,26.0,YES
713,2023-10-25 09:21,TSLA,TRADE,,"$100,000",,212.2,217.1,209.0,YES
714,2023-10-26 09:21,QQQ,TRADE,,"$100,000",,346.5,349.8,346.0,YES
715,2023-10-26 09:21,TQQQ,TRADE,,"$100,000",,31.3,32.5,31.0,YES
716,2023-10-26 09:21,SPY,TRADE,,"$100,000",,415.8,417.3,415.2,YES
717,2023-10-26 09:21,SOXL,TRADE,,"$100,000",,14.4,15.2,14.2,YES
718,2023-10-26 09:21,LABU,TRADE,,"$100,000",,2.66,2.72,2.65,YES
719,2023-10-26 09:21,LABD,TRADE,,"$100,000",,27.0,27.4,26.8,YES
720,2023-10-27 09:22,TQQQ,TRADE,,"$100,000",,31.2,31.7,31.0,YES
721,2023-10-27 09:22,SPY,TRADE,,"$100,000",,412.7,415.0,412.4,YES
722,2023-10-27 09:22,LABU,TRADE,,"$100,000",,2.64,2.77,2.6,YES
723,2023-10-27 09:22,LABD,TRADE,,"$100,000",,26.0,27.3,25.8,YES
724,2023-10-30 09:20,QQQ,TRADE,,"$100,000",,346.3,348.5,345.1,YES
725,2023-10-30 09:20,TQQQ,TRADE,,"$100,000",,31.2,32.1,30.7,YES
726,2023-10-30 09:20,SPY,TRADE,,"$100,000",,411.2,413.2,410.3,YES
727,2023-10-30 09:20,SOXL,TRADE,,"$100,000",,14.7,15.2,14.4,YES
728,2023-10-30 09:20,LABD,TRADE,,"$100,000",,28.0,29.0,27.6,YES
729,2023-10-31 09:22,QQQ,TRADE,,"$100,000",,346.5,349.8,346.0,YES
730,2023-10-31 09:22,TQQQ,TRADE,,"$100,000",,31.6,32.5,31.2,YES
731,2023-10-31 09:22,SPY,TRADE,,"$100,000",,413.3,416.2,413.0,YES
732,2023-10-31 09:22,SOXL,TRADE,,"$100,000",,14.4,15.0,14.2,YES
733,2023-10-31 09:22,LABU,TRADE,,"$100,000",,2.47,2.61,2.43,YES
734,2023-10-31 09:22,LABD,TRADE,,"$100,000",,27.6,29.0,27.0,YES
735,2023-11-01 09:19,QQQ,TRADE,,"$100,000",,349.3,351.7,348.4,YES
736,2023-11-01 09:19,TQQQ,TRADE,,"$100,000",,32.3,33.0,31.9,YES
737,2023-11-01 09:19,SPY,TRADE,,"$100,000",,416.3,418.8,415.8,YES
738,2023-11-01 09:19,SOXL,TRADE,,"$100,000",,14.4,15.2,14.0,YES
739,2023-11-01 09:19,LABD,TRADE,,"$100,000",,26.0,27.6,25.8,YES
740,2023-11-02 09:15,QQQ,TRADE,,"$100,000",,356.9,362.0,356.0,YES
741,2023-11-02 09:15,TQQQ,TRADE,,"$100,000",,34.6,36.0,34.0,YES
742,2023-11-02 09:15,SPY,TRADE,,"$100,000",,421.9,426.4,421.2,YES
743,2023-11-03 09:19,QQQ,TRADE,,"$100,000",,362.3,364.8,362.0,YES
744,2023-11-03 09:19,TQQQ,TRADE,,"$100,000",,35.7,36.7,35.0,YES
745,2023-11-03 09:19,SPY,TRADE,,"$100,000",,429.8,432.4,429.0,YES
746,2023-11-03 09:19,SOXL,TRADE,,"$100,000",,17.0,17.5,16.8,YES
747,2023-11-03 09:19,LABU,TRADE,,"$100,000",,2.93,3.12,2.9,YES
748,2023-11-06 09:19,QQQ,TRADE,,"$100,000",,365.7,369.0,365.0,YES
749,2023-11-06 09:19,TQQQ,TRADE,,"$100,000",,36.7,38.0,36.2,YES
750,2023-11-06 09:19,SPY,TRADE,,"$100,000",,432.8,436.0,432.0,YES
751,2023-11-06 09:19,SOXL,TRADE,,"$100,000",,17.5,18.7,17.0,YES
752,2023-11-06 09:19,LABU,TRADE,,"$100,000",,3.22,3.5,3.18,YES
753,2023-11-07 09:18,QQQ,TRADE,,"$100,000",,366.6,369.3,365.7,YES
754,2023-11-07 09:18,TQQQ,TRADE,,"$100,000",,37.1,38.3,37.0,YES
755,2023-11-07 09:18,SPY,TRADE,,"$100,000",,433.0,435.8,432.7,YES
756,2023-11-07 09:18,SOXL,TRADE,,"$100,000",,17.6,18.3,17.3,YES
757,2023-11-07 09:18,LABU,TRADE,,"$100,000",,3.1,3.21,3.06,YES
758,2023-11-08 09:16,QQQ,TRADE,,"$100,000",,371.6,374.0,371.0,YES
759,2023-11-08 09:16,TQQQ,TRADE,,"$100,000",,38.3,39.4,37.8,YES
760,2023-11-08 09:16,SPY,TRADE,,"$100,000",,434.7,438.0,434.0,YES
761,2023-11-08 09:16,SOXL,TRADE,,"$100,000",,18.2,18.8,17.8,YES
762,2023-11-08 09:16,LABU,TRADE,,"$100,000",,3.18,3.4,3.13,YES
763,2023-11-08 09:16,OXY,TRADE,,"$100,000",,60.4,61.3,60.0,YES
764,2023-11-08 09:16,TSLA,TRADE,,"$100,000",,217.2,224.3,216.0,YES
765,2023-11-09 09:15,QQQ,TRADE,,"$100,000",,370.2,373.5,369.8,YES
766,2023-11-09 09:15,TQQQ,TRADE,,"$100,000",,38.2,39.4,38.0,YES
767,2023-11-09 09:15,SPY,TRADE,,"$100,000",,435.0,438.6,434.6,YES
768,2023-11-09 09:15,SOXL,TRADE,,"$100,000",,18.4,19.1,18.1,YES
769,2023-11-09 09:15,LABU,TRADE,,"$100,000",,3.07,3.19,3.04,YES
770,2023-11-09 09:15,TSLA,TRADE,,"$100,000",,218.2,224.2,217.6,YES
771,2023-11-10 09:15,QQQ,TRADE,,"$100,000",,368.7,371.5,368.0,YES
772,2023-11-10 09:15,TQQQ,TRADE,,"$100,000",,38.0,38.8,37.8,YES
773,2023-11-10 09:15,SPY,TRADE,,"$100,000",,433.0,436.0,432.0,YES
774,2023-11-10 09:15,SOXL,TRADE,,"$100,000",,18.3,19.0,18.0,YES
775,2023-11-10 09:15,TSLA,TRADE,,"$100,000",,206.4,210.0,205.4,YES
776,2023-11-13 09:19,QQQ,TRADE,,"$100,000",,373.4,377.0,372.8,YES
777,2023-11-13 09:19,TQQQ,TRADE,,"$100,000",,39.7,40.3,39.0,YES
778,2023-11-13 09:19,SPY,TRADE,,"$100,000",,437.3,439.2,437.0,YES
779,2023-11-13 09:19,SOXL,TRADE,,"$100,000",,19.6,20.4,19.2,YES
780,2023-11-15 09:17,QQQ,TRADE,,"$100,000",,383.6,388.0,383.0,YES
781,2023-11-15 09:17,TQQQ,TRADE,,"$100,000",,40.8,43.0,40.0,YES
782,2023-11-15 09:17,SPY,TRADE,,"$100,000",,442.0,450.6,441.0,YES
783,2023-11-15 09:17,SOXL,TRADE,,"$100,000",,21.5,22.6,21.0,YES
784,2023-11-15 09:17,OXY,TRADE,,"$100,000",,60.7,61.8,60.4,YES
785,2023-11-16 09:18,QQQ,TRADE,,"$100,000",,383.2,385.6,382.8,YES
786,2023-11-16 09:18,TQQQ,TRADE,,"$100,000",,42.5,43.1,42.0,YES
787,2023-11-16 09:18,SPY,TRADE,,"$100,000",,448.8,449.8,448.2,YES
788,2023-11-16 09:18,SOXL,TRADE,,"$100,000",,22.1,22.7,21.8,YES
789,2023-11-17 09:18,QQQ,TRADE,,"$100,000",,383.5,387.1,382.0,YES
790,2023-11-17 09:18,TQQQ,TRADE,,"$100,000",,42.6,43.4,42.0,YES
791,2023-11-17 09:18,SPY,TRADE,,"$100,000",,447.8,450.9,446.0,YES
792,2023-11-17 09:18,SOXL,TRADE,,"$100,000",,22.0,23.0,21.8,YES
793,2023-11-17 09:18,LABU,TRADE,,"$100,000",,3.08,3.21,3.0,YES
794,2023-11-20 09:20,QQQ,TRADE,,"$100,000",,384.2,386.9,383.3,YES
795,2023-11-20 09:20,TQQQ,TRADE,,"$100,000",,42.5,43.5,42.0,YES
796,2023-11-20 09:20,SPY,TRADE,,"$100,000",,448.5,451.5,447.7,YES
797,2023-11-20 09:20,SOXL,TRADE,,"$100,000",,22.5,23.3,22.0,YES
798,2023-11-20 09:20,LABU,TRADE,,"$100,000",,3.32,3.5,3.28,YES
799,2023-11-21 09:17,QQQ,TRADE,,"$100,000",,387.3,390.2,387.0,YES
800,2023-11-21 09:17,TQQQ,TRADE,,"$100,000",,43.5,44.3,43.0,YES
801,2023-11-21 09:17,SPY,TRADE,,"$100,000",,451.0,454.0,450.0,YES
802,2023-11-21 09:17,SOXL,TRADE,,"$100,000",,23.1,24.0,22.8,YES
803,2023-11-21 09:17,LABU,TRADE,,"$100,000",,3.46,3.57,3.4,YES
804,2023-11-21 09:17,TSLA,TRADE,,"$100,000",,230.7,236.3,227.0,YES
805,2023-11-22 09:19,QQQ,TRADE,,"$100,000",,387.1,391.0,376.8,YES
806,2023-11-22 09:19,TQQQ,TRADE,,"$100,000",,43.8,44.6,43.0,YES
807,2023-11-22 09:19,SPY,TRADE,,"$100,000",,452.0,455.0,451.0,YES
808,2023-11-22 09:19,SOXL,TRADE,,"$100,000",,22.6,23.3,22.0,YES
809,2023-11-22 09:19,LABU,TRADE,,"$100,000",,3.38,3.5,3.3,YES
810,2023-11-22 09:19,TSLA,TRADE,,"$100,000",,240.5,243.5,240.0,YES
811,2023-11-22 09:19,UPST,TRADE,,"$100,000",,24.0,24.6,23.7,YES
812,2023-11-24 09:16,QQQ,TRADE,,"$100,000",,388.3,390.4,388.0,YES
813,2023-11-24 09:16,TQQQ,TRADE,,"$100,000",,43.7,44.6,43.0,YES
814,2023-11-24 09:16,SPY,TRADE,,"$100,000",,453.0,455.4,452.0,YES
815,2023-11-24 09:16,SOXL,TRADE,,"$100,000",,22.6,23.3,22.2,YES
816,2023-11-24 09:16,LABU,TRADE,,"$100,000",,3.38,3.5,3.32,YES
817,2023-11-24 09:16,UPST,TRADE,,"$100,000",,23.0,24.0,22.5,YES
818,2023-11-24 09:16,TSLA,TRADE,,"$100,000",,230.3,235.3,227.5,YES
819,2023-11-27 09:19,QQQ,TRADE,,"$100,000",,387.9,389.0,387.0,YES
820,2023-11-27 09:19,TQQQ,TRADE,,"$100,000",,43.6,44.0,43.0,YES
821,2023-11-27 09:19,SPY,TRADE,,"$100,000",,453.3,454.3,452.8,YES
822,2023-11-27 09:19,SOXL,TRADE,,"$100,000",,22.3,22.9,21.8,YES
823,2023-11-27 09:19,LABU,TRADE,,"$100,000",,3.44,3.6,3.4,YES
824,2023-11-27 09:19,TSLA,TRADE,,"$100,000",,231.2,237.0,229.0,YES
825,2023-11-28 09:19,QQQ,TRADE,,"$100,000",,387.8,390.4,387.2,YES
826,2023-11-28 09:19,TQQQ,TRADE,,"$100,000",,43.6,44.4,43.0,YES
827,2023-11-28 09:19,SPY,TRADE,,"$100,000",,453.9,454.8,453.0,YES
828,2023-11-28 09:19,SOXL,TRADE,,"$100,000",,22.4,22.8,21.9,YES
829,2023-11-28 09:19,LABU,TRADE,,"$100,000",,3.46,3.56,3.4,YES
830,2023-11-28 09:19,TSLA,TRADE,,"$100,000",,232.5,237.0,229.0,YES
831,2023-11-29 09:19,QQQ,TRADE,,"$100,000",,389.2,393.0,388.7,YES
832,2023-11-29 09:19,TQQQ,TRADE,,"$100,000",,44.1,45.3,43.8,YES
833,2023-11-29 09:19,SPY,TRADE,,"$100,000",,454.2,457.4,454.0,YES
834,2023-11-29 09:19,SOXL,TRADE,,"$100,000",,22.6,23.5,22.1,YES
835,2023-11-29 09:19,LABU,TRADE,,"$100,000",,3.47,3.61,3.4,YES
836,2023-11-30 09:15,QQQ,TRADE,,"$100,000",,388.2,390.8,387.7,YES
837,2023-11-30 09:15,TQQQ,TRADE,,"$100,000",,43.9,44.6,43.2,YES
838,2023-11-30 09:15,SPY,TRADE,,"$100,000",,453.9,456.3,453.0,YES
839,2023-11-30 09:15,IWM,TRADE,,"$100,000",,178.6,180.2,178.0,YES
840,2023-11-30 09:15,SOXL,TRADE,,"$100,000",,23.0,23.6,22.7,YES
841,2023-11-30 09:15,LABU,TRADE,,"$100,000",,3.54,3.85,3.5,YES
842,2023-11-30 09:15,TSLA,TRADE,,"$100,000",,240.5,245.2,238.0,YES
843,2023-12-01 09:16,QQQ,TRADE,,"$100,000",,386.4,389.5,386.0,YES
844,2023-12-01 09:16,TQQQ,TRADE,,"$100,000",,43.2,44.0,43.0,YES
845,2023-12-01 09:16,SPY,TRADE,,"$100,000",,454.5,456.1,454.0,YES
846,2023-12-01 09:16,IWM,TRADE,,"$100,000",,178.3,179.7,177.6,YES
847,2023-12-01 09:16,TNA,TRADE,,"$100,000",,28.0,28.8,27.7,YES
848,2023-12-01 09:16,SOXL,TRADE,,"$100,000",,22.4,22.8,22.1,YES
849,2023-12-04 09:17,TQQQ,TRADE,,"$100,000",,42.7,43.5,42.2,YES
850,2023-12-04 09:17,SPY,TRADE,,"$100,000",,455.0,455.9,454.7,YES
851,2023-12-04 09:17,SOXL,TRADE,,"$100,000",,21.5,22.4,21.0,YES
852,2023-12-05 09:13,QQQ,TRADE,,"$100,000",,383.4,385.5,382.5,YES
853,2023-12-05 09:13,TQQQ,TRADE,,"$100,000",,42.4,43.0,41.7,YES
854,2023-12-05 09:13,SPY,TRADE,,"$100,000",,454.4,457.4,454.0,YES
855,2023-12-05 09:13,TNA,TRADE,,"$100,000",,31.3,32.2,31.0,YES
856,2023-12-05 09:13,SOXL,TRADE,,"$100,000",,21.6,22.2,21.2,YES
857,2023-12-05 09:13,TSLA,TRADE,,"$100,000",,232.8,236.0,229.0,YES
858,2023-12-06 09:20,QQQ,TRADE,,"$100,000",,388.3,391.0,388.0,YES
859,2023-12-06 09:20,TQQQ,TRADE,,"$100,000",,43.3,44.4,43.0,YES
860,2023-12-06 09:20,SPY,TRADE,,"$100,000",,458.1,459.0,487.7,YES
861,2023-12-06 09:20,TNA,TRADE,,"$100,000",,31.2,32.3,30.7,YES
862,2023-12-06 09:20,SOXL,TRADE,,"$100,000",,21.8,22.8,21.4,YES
863,2023-12-08 09:20,QQQ,TRADE,,"$100,000",,388.0,390.3,387.0,YES
864,2023-12-08 09:20,TQQQ,TRADE,,"$100,000",,43.3,44.2,43.0,YES
865,2023-12-08 09:20,SPY,TRADE,,"$100,000",,456.3,458.3,455.7,YES
866,2023-12-08 09:20,TNA,TRADE,,"$100,000",,31.0,32.2,30.6,YES
867,2023-12-08 09:20,TSLA,TRADE,,"$100,000",,238.7,242.0,235.0,YES
868,2023-12-11 09:19,TQQQ,TRADE,,"$100,000",,44.1,44.9,43.7,YES
869,2023-12-11 09:19,SPY,TRADE,,"$100,000",,458.3,460.1,457.6,YES
870,2023-12-11 09:19,TNA,TRADE,,"$100,000",,31.0,32.3,30.6,YES
871,2023-12-11 09:19,SOXL,TRADE,,"$100,000",,23.3,24.3,23.0,YES
872,2023-12-11 09:19,TSLA,TRADE,,"$100,000",,239.4,245.3,236.0,YES
873,2023-12-12 09:17,QQQ,TRADE,,"$100,000",,392.4,396.3,391.0,YES
874,2023-12-12 09:17,TQQQ,TRADE,,"$100,000",,45.0,46.5,44.7,YES
875,2023-12-12 09:17,SPY,TRADE,,"$100,000",,459.7,462.4,459.0,YES
876,2023-12-12 09:17,TNA,TRADE,,"$100,000",,31.8,32.6,31.2,YES
877,2023-12-12 09:17,SOXL,TRADE,,"$100,000",,25.0,26.3,24.8,YES
878,2023-12-12 09:17,TSLA,TRADE,,"$100,000",,238.4,241.0,236.0,YES
879,2023-12-13 09:19,QQQ,TRADE,,"$100,000",,393.7,400.5,392.0,YES
880,2023-12-13 09:19,TQQQ,TRADE,,"$100,000",,45.2,49.5,44.7,YES
881,2023-12-13 09:19,SPY,TRADE,,"$100,000",,460.7,466.2,459.0,YES
882,2023-12-13 09:19,TNA,TRADE,,"$100,000",,31.4,33.0,31.0,YES
883,2023-12-13 09:19,SOXL,TRADE,,"$100,000",,25.2,27.4,24.7,YES
884,2023-12-13 09:19,TSLA,TRADE,,"$100,000",,233.1,240.5,229.0,YES
885,2023-12-13 09:19,UPST,TRADE,,"$100,000",,33.8,36.7,32.4,YES
886,2023-12-14 09:17,QQQ,TRADE,,"$100,000",,400.4,406.0,400.0,YES
887,2023-12-14 09:17,TQQQ,TRADE,,"$100,000",,48.2,49.8,48.0,YES
888,2023-12-14 09:17,SPY,TRADE,,"$100,000",,467.0,473.6,466.0,YES
889,2023-12-14 09:17,TNA,TRADE,,"$100,000",,36.4,38.3,36.0,YES
890,2023-12-14 09:17,TSLA,TRADE,,"$100,000",,236.6,243.5,230.0,YES
891,2023-12-14 09:17,SOXL,TRADE,,"$100,000",,26.5,28.8,25.8,YES
892,2023-12-15 09:20,QQQ,TRADE,,"$100,000",,400.5,405.0,400.0,YES
893,2023-12-15 09:20,TQQQ,TRADE,,"$100,000",,47.1,49.3,46.8,YES
894,2023-12-15 09:20,SPY,TRADE,,"$100,000",,468.5,471.6,468.0,YES
895,2023-12-15 09:20,SOXL,TRADE,,"$100,000",,29.2,30.6,29.0,YES
896,2023-12-18 09:21,QQQ,TRADE,,"$100,000",,400.6,406.0,400.1,YES
897,2023-12-18 09:21,TQQQ,TRADE,,"$100,000",,47.8,49.8,47.4,YES
898,2023-12-18 09:21,SPY,TRADE,,"$100,000",,465.3,471.0,464.7,YES
899,2023-12-18 09:21,TNA,TRADE,,"$100,000",,36.8,38.2,36.1,YES
900,2023-12-19 09:21,QQQ,TRADE,,"$100,000",,404.7,408.3,404.0,YES
901,2023-12-19 09:21,TQQQ,TRADE,,"$100,000",,49.2,50.8,49.0,YES
902,2023-12-19 09:21,SPY,TRADE,,"$100,000",,469.3,473.2,469.2,YES
903,2023-12-19 09:21,TNA,TRADE,,"$100,000",,37.0,39.0,36.5,YES
904,2023-12-19 09:21,SOXL,TRADE,,"$100,000",,29.3,30.8,28.7,YES
905,2023-12-19 09:21,TSLA,TRADE,,"$100,000",,246.8,258.7,243.0,YES
906,2023-12-20 09:18,QQQ,TRADE,,"$100,000",,405.0,408.3,404.7,YES
907,2023-12-20 09:18,TQQQ,TRADE,,"$100,000",,49.5,50.7,49.0,YES
908,2023-12-20 09:18,SPY,TRADE,,"$100,000",,471.0,473.6,470.6,YES
909,2023-12-20 09:18,TNA,TRADE,,"$100,000",,38.4,39.6,37.8,YES
910,2023-12-20 09:18,SOXL,TRADE,,"$100,000",,29.6,30.8,29.1,YES
911,2023-12-20 09:18,TSLA,TRADE,,"$100,000",,250.7,258.6,249.5,YES
912,2023-12-20 09:18,UPST,TRADE,,"$100,000",,43.8,47.3,42.7,YES
913,2023-12-21 09:21,QQQ,TRADE,,"$100,000",,400.5,407.7,400.0,YES
914,2023-12-21 09:21,TQQQ,TRADE,,"$100,000",,47.8,50.2,47.0,YES
915,2023-12-21 09:21,SPY,TRADE,,"$100,000",,466.0,472.3,465.0,YES
916,2023-12-21 09:21,TNA,TRADE,,"$100,000",,36.1,38.4,35.8,YES
917,2023-12-21 09:21,SOXL,TRADE,,"$100,000",,28.6,30.3,27.6,YES
918,2023-12-21 09:21,UPST,TRADE,,"$100,000",,43.8,46.9,42.0,YES
919,2023-12-22 09:26,QQQ,TRADE,,"$100,000",,404.4,409.6,404.0,YES
920,2023-12-22 09:26,TQQQ,TRADE,,"$100,000",,50.1,50.9,49.8,YES
921,2023-12-22 09:26,SPY,TRADE,,"$100,000",,472.2,475.0,471.7,YES
922,2023-12-22 09:26,SOXL,TRADE,,"$100,000",,29.6,31.2,29.4,YES
923,2023-12-22 09:26,TSLA,TRADE,,"$100,000",,253.0,258.0,251.0,YES
924,2023-12-26 09:14,QQQ,TRADE,,"$100,000",,405.2,410.2,404.7,YES
925,2023-12-26 09:14,TQQQ,TRADE,,"$100,000",,49.4,51.0,48.9,YES
926,2023-12-26 09:14,SPY,TRADE,,"$100,000",,471.3,475.0,471.0,YES
927,2023-12-26 09:14,TNA,TRADE,,"$100,000",,39.0,40.6,38.7,YES
928,2023-12-26 09:14,SOXL,TRADE,,"$100,000",,29.4,31.2,29.0,YES
929,2023-12-26 09:14,UPST,TRADE,,"$100,000",,43.4,45.3,43.0,YES
930,2023-12-27 09:20,QQQ,TRADE,,"$100,000",,408.3,411.0,407.8,YES
931,2023-12-27 09:20,TQQQ,TRADE,,"$100,000",,50.3,51.5,50.0,YES
932,2023-12-27 09:20,TNA,TRADE,,"$100,000",,40.6,42.2,40.2,YES
933,2023-12-27 09:20,SOXL,TRADE,,"$100,000",,31.4,32.8,31.0,YES
934,2023-12-28 09:19,QQQ,TRADE,,"$100,000",,409.8,413.0,409.2,YES
935,2023-12-28 09:19,TQQQ,TRADE,,"$100,000",,51.1,52.2,50.8,YES
936,2023-12-28 09:19,SPY,TRADE,,"$100,000",,475.0,477.2,474.3,YES
937,2023-12-28 09:19,TNA,TRADE,,"$100,000",,40.8,42.4,40.0,YES
938,2023-12-28 09:19,UPST,TRADE,,"$100,000",,44.0,46.8,43.0,YES
939,2023-12-28 09:19,SOXL,TRADE,,"$100,000",,31.6,32.8,31.0,YES
940,2023-12-28 09:19,TSLA,TRADE,,"$100,000",,258.7,266.8,257.0,YES
941,2023-12-29 09:20,QQQ,TRADE,,"$100,000",,410.4,412.0,410.0,YES
942,2023-12-29 09:20,TQQQ,TRADE,,"$100,000",,51.2,51.5,51.0,YES
943,2023-12-29 09:20,SPY,TRADE,,"$100,000",,476.0,477.3,475.3,YES
944,2023-12-29 09:20,TNA,TRADE,,"$100,000",,40.7,42.0,40.0,YES
945,2023-12-29 09:20,SOXL,TRADE,,"$100,000",,31.6,32.4,30.7,YES
946,2023-12-29 09:20,UPST,TRADE,,"$100,000",,43.3,44.7,43.0,YES
947,2023-12-29 09:20,TSLA,TRADE,,"$100,000",,251.0,257.0,249.0,YES
948,2024-01-02 09:21,QQQ,TRADE,,"$100,000",,402.8,408.0,402.0,YES
949,2024-01-02 09:21,SPY,TRADE,,"$100,000",,468.5,473.0,468.0,YES
950,2024-01-02 09:21,TNA,TRADE,,"$100,000",,37.0,39.2,36.5,YES
951,2024-01-02 09:21,SOXL,TRADE,,"$100,000",,28.6,30.1,28.0,YES
952,2024-01-02 09:21,TSLA,TRADE,,"$100,000",,244.0,251.0,242.0,YES
953,2024-01-04 09:18,QQQ,TRADE,,"$100,000",,395.4,397.8,395.0,YES
954,2024-01-04 09:18,TQQQ,TRADE,,"$100,000",,45.2,45.9,44.7,YES
955,2024-01-04 09:18,SPY,TRADE,,"$100,000",,467.8,469.4,467.0,YES
956,2024-01-04 09:18,SOXL,TRADE,,"$100,000",,24.9,26.0,24.2,YES
957,2024-01-05 09:18,QQQ,TRADE,,"$100,000",,394.7,397.2,394.2,YES
958,2024-01-05 09:18,TQQQ,TRADE,,"$100,000",,45.0,46.2,44.7,YES
959,2024-01-05 09:18,SPY,TRADE,,"$100,000",,466.8,467.8,466.0,YES
960,2024-01-05 09:18,TNA,TRADE,,"$100,000",,34.0,35.5,33.6,YES
961,2024-01-05 09:18,SOXL,TRADE,,"$100,000",,25.0,26.1,24.7,YES
962,2024-01-05 09:18,TSLA,TRADE,,"$100,000",,236.2,241.2,234.0,YES
963,2024-01-08 09:18,TQQQ,TRADE,,"$100,000",,45.2,46.5,45.0,YES
964,2024-01-08 09:18,SPY,TRADE,,"$100,000",,466.2,468.5,461.0,YES
965,2024-01-08 09:18,SOXL,TRADE,,"$100,000",,25.3,27.0,24.7,YES
966,2024-01-08 09:18,UPST,TRADE,,"$100,000",,32.6,34.0,31.8,YES
967,2024-01-08 09:18,TSLA,TRADE,,"$100,000",,234.0,240.0,233.0,YES
968,2024-01-09 09:22,QQQ,TRADE,,"$100,000",,401.6,402.5,400.7,YES
969,2024-01-09 09:22,TQQQ,TRADE,,"$100,000",,47.6,48.1,47.0,YES
970,2024-01-09 09:22,SPY,TRADE,,"$100,000",,470.8,472.5,469.8,YES
971,2024-01-09 09:22,TNA,TRADE,,"$100,000",,35.3,36.1,35.0,YES
972,2024-01-09 09:22,SOXL,TRADE,,"$100,000",,27.5,27.9,26.8,YES
973,2024-01-09 09:22,NUGT,TRADE,,"$100,000",,30.9,31.8,30.0,YES
974,2024-01-09 09:22,TSLA,TRADE,,"$100,000",,236.0,240.0,234.0,YES
975,2024-01-10 09:16,QQQ,TRADE,,"$100,000",,400.5,406.0,400.0,YES
976,2024-01-10 09:16,TQQQ,TRADE,,"$100,000",,47.2,49.2,46.8,YES
977,2024-01-10 09:16,SPY,TRADE,,"$100,000",,470.2,474.3,469.6,YES
978,2024-01-10 09:16,TNA,TRADE,,"$100,000",,34.8,36.0,34.0,YES
979,2024-01-10 09:16,UPST,TRADE,,"$100,000",,33.9,35.4,32.0,YES
980,2024-01-10 09:16,SOXL,TRADE,,"$100,000",,26.9,28.5,26.0,YES
981,2024-01-10 09:16,TSLA,TRADE,,"$100,000",,233.8,236.7,232.0,YES
982,2024-01-11 09:19,QQQ,TRADE,,"$100,000",,405.8,409.0,405.2,YES
983,2024-01-11 09:19,TQQQ,TRADE,,"$100,000",,49.2,50.3,48.7,YES
984,2024-01-11 09:19,SPY,TRADE,,"$100,000",,474.7,477.0,474.0,YES
985,2024-01-11 09:19,TNA,TRADE,,"$100,000",,34.8,36.0,34.0,YES
986,2024-01-11 09:19,UPST,TRADE,,"$100,000",,33.6,36.1,32.0,YES
987,2024-01-11 09:19,SOXL,TRADE,,"$100,000",,27.3,28.2,26.5,YES
988,2024-01-12 09:20,QQQ,TRADE,,"$100,000",,407.7,410.0,407.0,YES
989,2024-01-12 09:20,TQQQ,TRADE,,"$100,000",,49.5,50.5,49.0,YES
990,2024-01-12 09:20,SPY,TRADE,,"$100,000",,474.7,477.0,473.8,YES
991,2024-01-12 09:20,TNA,TRADE,,"$100,000",,34.8,36.2,34.0,YES
992,2024-01-12 09:20,SOXL,TRADE,,"$100,000",,27.7,28.7,27.0,YES
993,2024-01-12 09:20,UPST,TRADE,,"$100,000",,32.6,34.7,31.8,YES
994,2024-01-16 09:21,QQQ,TRADE,,"$100,000",,406.3,408.2,405.9,YES
995,2024-01-16 09:21,TQQQ,TRADE,,"$100,000",,49.1,50.0,48.6,YES
996,2024-01-16 09:21,SPY,TRADE,,"$100,000",,473.8,475.2,473.0,YES
997,2024-01-16 09:21,SOXL,TRADE,,"$100,000",,27.2,28.3,26.7,YES
998,2024-01-16 09:21,TSLA,TRADE,,"$100,000",,209.8,216.2,208.0,YES
999,2024-01-16 09:21,NUGT,TRADE,,"$100,000",,30.7,31.2,30.0,YES
1000,2024-01-17 09:19,QQQ,TRADE,,"$100,000",,405.7,407.9,405.0,YES
1001,2024-01-17 09:19,TQQQ,TRADE,,"$100,000",,48.98,49.5,48.2,YES
1002,2024-01-17 09:19,SPY,TRADE,,"$100,000",,471.6,474.0,471.0,YES
1003,2024-01-17 09:19,SOXL,TRADE,,"$100,000",,27.8,29.0,27.0,YES
1004,2024-01-18 09:20,QQQ,TRADE,,"$100,000",,409.9,411.5,409.0,YES
1005,2024-01-18 09:20,TQQQ,TRADE,,"$100,000",,50.3,50.9,50.0,YES
1006,2024-01-18 09:20,SPY,TRADE,,"$100,000",,473.6,475.0,473.0,YES
1007,2024-01-18 09:20,TNA,TRADE,,"$100,000",,33.2,33.7,32.8,YES
1008,2024-01-18 09:20,SOXL,TRADE,,"$100,000",,29.5,30.8,28.7,YES
1009,2024-01-18 09:20,TSLA,TRADE,,"$100,000",,215.5,220.3,213.0,YES
1010,2024-01-19 09:20,QQQ,TRADE,,"$100,000",,414.0,415.3,413.0,YES
1011,2024-01-19 09:20,TQQQ,TRADE,,"$100,000",,52.0,52.7,51.8,YES
1012,2024-01-19 09:20,SPY,TRADE,,"$100,000",,477.0,478.7,476.4,YES
1013,2024-01-19 09:20,SOXL,TRADE,,"$100,000",,31.6,32.8,31.0,YES
1014,2024-01-22 09:20,QQQ,TRADE,,"$100,000",,422.3,423.8,421.0,YES
1015,2024-01-22 09:20,TQQQ,TRADE,,"$100,000",,53.3,55.4,52.9,YES
1016,2024-01-22 09:20,SPY,TRADE,,"$100,000",,482.3,484.0,481.7,YES
1017,2024-01-22 09:20,TNA,TRADE,,"$100,000",,34.7,35.2,34.0,YES
1018,2024-01-22 09:20,SOXL,TRADE,,"$100,000",,35.5,36.2,35.0,YES
1019,2024-01-23 09:21,QQQ,TRADE,,"$100,000",,421.8,423.0,421.0,YES
1020,2024-01-23 09:21,TQQQ,TRADE,,"$100,000",,54.2,55.2,53.7,YES
1021,2024-01-23 09:21,SPY,TRADE,,"$100,000",,483.3,484.0,482.6,YES
1022,2024-01-23 09:21,TNA,TRADE,,"$100,000",,36.5,38.0,36.0,YES
1023,2024-01-23 09:21,SOXL,TRADE,,"$100,000",,34.5,35.7,34.0,YES
1024,2024-01-24 09:21,QQQ,TRADE,,"$100,000",,426.2,427.3,425.7,YES
1025,2024-01-24 09:21,TQQQ,TRADE,,"$100,000",,56.3,56.98,55.8,YES
1026,2024-01-24 09:21,SPY,TRADE,,"$100,000",,486.7,487.8,486.0,YES
1027,2024-01-24 09:21,TNA,TRADE,,"$100,000",,36.5,37.7,35.7,YES
1028,2024-01-24 09:21,SOXL,TRADE,,"$100,000",,35.3,36.6,35.0,YES
1029,2024-01-24 09:21,TSLA,TRADE,,"$100,000",,209.4,212.4,208.0,YES
1030,2024-01-25 09:20,QQQ,TRADE,,"$100,000",,426.0,429.0,425.7,YES
1031,2024-01-25 09:20,TQQQ,TRADE,,"$100,000",,56.3,57.5,56.0,YES
1032,2024-01-25 09:20,SPY,TRADE,,"$100,000",,485.3,488.1,484.6,YES
1033,2024-01-25 09:20,TNA,TRADE,,"$100,000",,36.1,37.0,35.3,YES
1034,2024-01-26 09:20,QQQ,TRADE,,"$100,000",,424.0,424.8,423.3,YES
1035,2024-01-26 09:20,TQQQ,TRADE,,"$100,000",,55.5,56.0,55.0,YES
1036,2024-01-26 09:20,SPY,TRADE,,"$100,000",,486.0,488.0,485.6,YES
1037,2024-01-26 09:20,TNA,TRADE,,"$100,000",,35.5,36.7,35.0,YES
1038,2024-01-26 09:20,SOXL,TRADE,,"$100,000",,34.7,36.1,34.2,YES
1039,2024-01-26 09:20,UPST,TRADE,,"$100,000",,32.0,33.7,31.0,YES
1040,2024-01-29 09:19,QQQ,TRADE,,"$100,000",,421.2,424.3,420.8,YES
1041,2024-01-29 09:19,TQQQ,TRADE,,"$100,000",,54.6,55.8,54.0,YES
1042,2024-01-29 09:19,SPY,TRADE,,"$100,000",,486.0,487.6,485.0,YES
1043,2024-01-29 09:19,TNA,TRADE,,"$100,000",,35.3,36.5,35.0,YES
1044,2024-01-29 09:19,UPST,TRADE,,"$100,000",,31.0,33.0,30.6,YES
1045,2024-01-29 09:19,SOXL,TRADE,,"$100,000",,33.3,34.8,33.0,YES
1046,2024-01-30 09:19,QQQ,TRADE,,"$100,000",,425.0,427.7,424.6,YES
1047,2024-01-30 09:19,TQQQ,TRADE,,"$100,000",,55.7,57.1,55.2,YES
1048,2024-01-30 09:19,SPY,TRADE,,"$100,000",,488.5,491.4,488.0,YES
1049,2024-01-30 09:19,TNA,TRADE,,"$100,000",,36.1,37.6,35.7,YES
1050,2024-01-30 09:19,SOXL,TRADE,,"$100,000",,33.8,34.8,33.0,YES
1051,2024-01-30 09:19,UPST,TRADE,,"$100,000",,33.0,35.2,32.7,YES
1052,2024-01-31 09:19,QQQ,TRADE,,"$100,000",,420.5,421.5,419.4,YES
1053,2024-01-31 09:19,TQQQ,TRADE,,"$100,000",,53.7,54.5,53.0,YES
1054,2024-01-31 09:19,SPY,TRADE,,"$100,000",,488.2,489.0,487.0,YES
1055,2024-01-31 09:19,TNA,TRADE,,"$100,000",,36.2,37.0,35.7,YES
1056,2024-01-31 09:19,SOXL,TRADE,,"$100,000",,31.6,32.0,31.0,YES
1057,2024-02-01 09:20,QQQ,TRADE,,"$100,000",,417.0,419.7,416.7,YES
1058,2024-02-01 09:20,TQQQ,TRADE,,"$100,000",,52.6,53.6,52.0,YES
1059,2024-02-01 09:20,SPY,TRADE,,"$100,000",,483.8,484.8,483.0,YES
1060,2024-02-01 09:20,UPST,TRADE,,"$100,000",,32.0,32.6,31.2,YES
1061,2024-02-01 09:20,SOXL,TRADE,,"$100,000",,31.3,32.8,30.7,YES
1062,2024-02-02 09:18,QQQ,TRADE,,"$100,000",,420.7,423.4,420.0,YES
1063,2024-02-02 09:18,TQQQ,TRADE,,"$100,000",,53.8,55.3,53.0,YES
1064,2024-02-02 09:18,SPY,TRADE,,"$100,000",,488.2,490.0,487.6,YES
1065,2024-02-02 09:18,SOXL,TRADE,,"$100,000",,31.4,32.7,31.0,YES
1066,2024-02-05 09:16,SPY,TRADE,,"$100,000",,492.4,493.5,491.8,YES
1067,2024-02-05 09:16,TNA,TRADE,,"$100,000",,33.4,34.0,33.0,YES
1068,2024-02-05 09:16,SOXL,TRADE,,"$100,000",,33.4,34.4,33.0,YES
1069,2024-02-06 09:19,QQQ,TRADE,,"$100,000",,425.2,429.0,424.6,YES
1070,2024-02-06 09:19,TQQQ,TRADE,,"$100,000",,55.5,57.1,55.0,YES
1071,2024-02-06 09:19,SPY,TRADE,,"$100,000",,490.2,493.7,489.3,YES
1072,2024-02-06 09:19,TNA,TRADE,,"$100,000",,32.5,34.0,32.0,YES
1073,2024-02-06 09:19,SOXL,TRADE,,"$100,000",,33.7,35.8,33.0,YES
1074,2024-02-07 09:19,QQQ,TRADE,,"$100,000",,425.5,431.0,425.0,YES
1075,2024-02-07 09:19,TQQQ,TRADE,,"$100,000",,55.6,57.8,56.0,YES
1076,2024-02-07 09:19,SPY,TRADE,,"$100,000",,490.5,497.0,490.0,YES
1077,2024-02-07 09:19,TNA,TRADE,,"$100,000",,34.0,35.2,33.7,YES
1078,2024-02-07 09:19,SOXL,TRADE,,"$100,000",,33.3,34.5,33.0,YES
1079,2024-02-07 09:19,UPST,TRADE,,"$100,000",,32.7,34.2,31.7,YES
1080,2024-02-08 09:19,QQQ,TRADE,,"$100,000",,429.6,432.4,429.1,YES
1081,2024-02-08 09:19,TQQQ,TRADE,,"$100,000",,57.2,58.5,56.7,YES
1082,2024-02-08 09:19,SPY,TRADE,,"$100,000",,494.4,498.2,493.8,YES
1083,2024-02-08 09:19,TNA,TRADE,,"$100,000",,34.0,34.8,33.6,YES
1084,2024-02-08 09:19,SOXL,TRADE,,"$100,000",,33.7,35.4,33.0,YES
1085,2024-02-08 09:19,UPST,TRADE,,"$100,000",,31.5,33.3,31.0,YES
1086,2024-02-09 09:21,QQQ,TRADE,,"$100,000",,432.8,435.0,432.0,YES
1087,2024-02-09 09:21,TQQQ,TRADE,,"$100,000",,58.5,59.6,58.0,YES
1088,2024-02-09 09:21,SPY,TRADE,,"$100,000",,498.3,500.7,497.5,YES
1089,2024-02-09 09:21,TNA,TRADE,,"$100,000",,36.3,37.0,35.7,YES
1090,2024-02-09 09:21,SOXL,TRADE,,"$100,000",,37.2,38.3,36.7,YES
1091,2024-02-09 09:21,UPST,TRADE,,"$100,000",,33.3,35.5,33.0,YES
1092,2024-02-09 09:21,TSLA,TRADE,,"$100,000",,187.5,190.8,185.0,YES
1093,2024-02-12 09:22,QQQ,TRADE,,"$100,000",,433.7,437.0,433.0,YES
1094,2024-02-12 09:22,TQQQ,TRADE,,"$100,000",,58.8,60.3,58.0,YES
1095,2024-02-12 09:22,SPY,TRADE,,"$100,000",,498.7,502.0,498.0,YES
1096,2024-02-12 09:22,TNA,TRADE,,"$100,000",,35.8,37.6,35.0,YES
1097,2024-02-12 09:22,SOXL,TRADE,,"$100,000",,37.2,39.5,36.8,YES
1098,2024-02-13 09:16,QQQ,TRADE,,"$100,000",,425.8,428.8,425.0,YES
1099,2024-02-13 09:16,TQQQ,TRADE,,"$100,000",,55.8,56.7,55.0,YES
1100,2024-02-13 09:16,SPY,TRADE,,"$100,000",,492.4,496.2,491.5,YES
1101,2024-02-13 09:16,TNA,TRADE,,"$100,000",,34.0,37.0,33.7,YES
1102,2024-02-13 09:16,UPST,TRADE,,"$100,000",,32.0,33.5,31.6,YES
1103,2024-02-14 09:22,QQQ,TRADE,,"$100,000",,427.1,431.5,426.0,YES
1104,2024-02-14 09:22,TQQQ,TRADE,,"$100,000",,56.1,57.8,55.4,YES
1105,2024-02-14 09:22,SPY,TRADE,,"$100,000",,492.4,496.4,490.7,YES
1106,2024-02-14 09:22,TNA,TRADE,,"$100,000",,34.3,36.2,34.0,YES
1107,2024-02-15 09:24,QQQ,TRADE,,"$100,000",,432.8,434.7,432.0,YES
1108,2024-02-15 09:24,TQQQ,TRADE,,"$100,000",,57.7,59.0,57.0,YES
1109,2024-02-15 09:24,SPY,TRADE,,"$100,000",,497.8,499.9,497.0,YES
1110,2024-02-15 09:24,TNA,TRADE,,"$100,000",,37.0,38.2,36.7,YES
1111,2024-02-15 09:24,SOXL,TRADE,,"$100,000",,38.3,39.8,37.6,YES
1112,2024-02-16 09:17,TQQQ,TRADE,,"$100,000",,58.8,59.6,58.0,YES
1113,2024-02-16 09:17,SPY,TRADE,,"$100,000",,500.5,502.1,500.0,YES
1114,2024-02-16 09:17,TNA,TRADE,,"$100,000",,37.7,39.5,37.0,YES
1115,2024-02-16 09:17,SOXL,TRADE,,"$100,000",,38.9,40.0,38.0,YES
1116,2024-02-20 09:20,QQQ,TRADE,,"$100,000",,428.2,430.6,427.8,YES
1117,2024-02-20 09:20,TQQQ,TRADE,,"$100,000",,56.3,57.0,55.8,YES
1118,2024-02-20 09:20,SPY,TRADE,,"$100,000",,497.2,498.3,496.5,YES
1119,2024-02-20 09:20,SOXL,TRADE,,"$100,000",,37.0,37.9,36.5,YES
1120,2024-02-21 09:18,QQQ,TRADE,,"$100,000",,424.3,425.5,423.7,YES
1121,2024-02-21 09:18,TQQQ,TRADE,,"$100,000",,54.8,55.3,54.0,YES
1122,2024-02-21 09:18,TNA,TRADE,,"$100,000",,36.1,36.5,35.6,YES
1123,2024-02-21 09:18,SPY,TRADE,,"$100,000",,494.6,496.3,494.0,YES
1124,2024-02-21 09:18,SOXL,TRADE,,"$100,000",,34.8,35.5,34.0,YES
1125,2024-02-22 09:19,TQQQ,TRADE,,"$100,000",,57.7,58.9,57.0,YES
1126,2024-02-22 09:19,SPY,TRADE,,"$100,000",,503.3,504.5,502.8,YES
1127,2024-02-22 09:19,TNA,TRADE,,"$100,000",,36.2,36.8,35.8,YES
1128,2024-02-22 09:19,SOXL,TRADE,,"$100,000",,38.8,40.7,38.0,YES
1129,2024-02-23 09:21,QQQ,TRADE,,"$100,000",,436.5,439.8,436.0,YES
1130,2024-02-23 09:21,SPY,TRADE,,"$100,000",,507.0,509.0,506.7,YES
1131,2024-02-23 09:21,TNA,TRADE,,"$100,000",,36.3,37.4,36.0,YES
1132,2024-02-23 09:21,UPST,TRADE,,"$100,000",,24.2,25.0,23.7,YES
1133,2024-02-23 09:21,SOXL,TRADE,,"$100,000",,40.7,42.6,40.0,YES
1134,2024-02-23 09:21,TSLA,TRADE,,"$100,000",,191.3,198.0,189.5,YES
1135,2024-02-26 09:19,QQQ,TRADE,,"$100,000",,434.5,438.0,434.0,YES
1136,2024-02-26 09:19,TQQQ,TRADE,,"$100,000",,59.1,60.2,58.7,YES
1137,2024-02-26 09:19,SPY,TRADE,,"$100,000",,505.6,509.0,504.9,YES
1138,2024-02-26 09:19,TNA,TRADE,,"$100,000",,36.5,37.4,36.0,YES
1139,2024-02-26 09:19,SOXL,TRADE,,"$100,000",,40.6,41.4,40.0,YES
1140,2024-02-27 09:20,QQQ,TRADE,,"$100,000",,435.5,438.3,434.6,YES
1141,2024-02-27 09:20,TQQQ,TRADE,,"$100,000",,59.2,60.1,58.7,YES
1142,2024-02-27 09:20,SPY,TRADE,,"$100,000",,505.8,507.5,505.0,YES
1143,2024-02-27 09:20,TNA,TRADE,,"$100,000",,37.5,38.4,37.0,YES
1144,2024-02-27 09:20,SOXL,TRADE,,"$100,000",,40.7,42.0,40.0,YES
1145,2024-02-28 09:19,QQQ,TRADE,,"$100,000",,434.5,436.0,433.8,YES
1146,2024-02-28 09:19,TQQQ,TRADE,,"$100,000",,58.7,59.4,58.0,YES
1147,2024-02-28 09:19,SPY,TRADE,,"$100,000",,504.8,506.4,504.0,YES
1148,2024-02-28 09:19,TNA,TRADE,,"$100,000",,38.3,39.0,38.0,YES
1149,2024-02-28 09:19,SOXL,TRADE,,"$100,000",,39.6,40.2,38.8,YES
1150,2024-02-29 09:20,TQQQ,TRADE,,"$100,000",,59.4,60.2,58.7,YES
1151,2024-02-29 09:20,SPY,TRADE,,"$100,000",,507.0,508.5,506.8,YES
1152,2024-02-29 09:20,TNA,TRADE,,"$100,000",,39.0,41.6,38.7,YES
1153,2024-02-29 09:20,SOXL,TRADE,,"$100,000",,40.6,41.7,40.0,YES
1154,2024-02-29 09:20,UPST,TRADE,,"$100,000",,26.0,27.0,25.0,YES
1155,2024-03-01 09:20,QQQ,TRADE,,"$100,000",,435.4,440.0,435.0,YES
1156,2024-03-01 09:20,TQQQ,TRADE,,"$100,000",,58.9,60.9,58.2,YES
1157,2024-03-01 09:20,SPY,TRADE,,"$100,000",,505.4,509.3,505.0,YES
1158,2024-03-01 09:20,TNA,TRADE,,"$100,000",,38.2,39.9,37.8,YES
1159,2024-03-01 09:20,SOXL,TRADE,,"$100,000",,40.7,44.0,40.0,YES
1160,2024-03-04 09:21,QQQ,TRADE,,"$100,000",,440.6,446.3,439.8,YES
1161,2024-03-04 09:21,TQQQ,TRADE,,"$100,000",,61.2,63.5,60.7,YES
1162,2024-03-04 09:21,SPY,TRADE,,"$100,000",,508.8,511.8,508.0,YES
1163,2024-03-04 09:21,TNA,TRADE,,"$100,000",,39.3,41.3,39.0,YES
1164,2024-03-05 09:20,TQQQ,TRADE,,"$100,000",,60.9,61.3,60.0,YES
1165,2024-03-05 09:20,SPY,TRADE,,"$100,000",,509.6,510.5,509.0,YES
1166,2024-03-05 09:20,TNA,TRADE,,"$100,000",,39.4,39.9,39.0,YES
1167,2024-03-05 09:20,SOXL,TRADE,,"$100,000",,46.2,48.5,45.3,YES
1168,2024-03-05 09:20,UPST,TRADE,,"$100,000",,24.0,25.0,23.8,YES
1169,2024-03-06 09:20,SPY,TRADE,,"$100,000",,505.7,510.4,505.0,YES
1170,2024-03-06 09:20,TNA,TRADE,,"$100,000",,38.8,40.6,38.0,YES
1171,2024-03-06 09:20,SOXL,TRADE,,"$100,000",,45.7,49.8,45.0,YES
1172,2024-03-07 09:17,QQQ,TRADE,,"$100,000",,437.2,442.5,436.7,YES
1173,2024-03-07 09:17,TQQQ,TRADE,,"$100,000",,58.8,61.8,58.0,YES
1174,2024-03-07 09:17,SPY,TRADE,,"$100,000",,508.2,513.0,507.7,YES
1175,2024-03-07 09:17,TNA,TRADE,,"$100,000",,39.5,41.1,39.0,YES
1176,2024-03-07 09:17,UPST,TRADE,,"$100,000",,25.5,26.9,25.0,YES
1177,2024-03-07 09:17,SOXL,TRADE,,"$100,000",,49.7,52.5,49.0,YES
1178,2024-03-08 09:18,QQQ,TRADE,,"$100,000",,443.7,446.2,443.0,YES
1179,2024-03-08 09:18,TQQQ,TRADE,,"$100,000",,61.7,63.5,61.0,YES
1180,2024-03-08 09:18,SPY,TRADE,,"$100,000",,510.7,517.0,510.0,YES
1181,2024-03-08 09:18,TNA,TRADE,,"$100,000",,40.7,42.6,40.0,YES
1182,2024-03-11 09:20,QQQ,TRADE,,"$100,000",,436.1,438.4,435.6,YES
1183,2024-03-11 09:20,TQQQ,TRADE,,"$100,000",,59.0,59.8,58.5,YES
1184,2024-03-11 09:20,SPY,TRADE,,"$100,000",,508.3,511.0,507.8,YES
1185,2024-03-11 09:20,TNA,TRADE,,"$100,000",,39.5,40.5,39.0,YES
1186,2024-03-11 09:20,SOXL,TRADE,,"$100,000",,46.2,48.7,45.7,YES
1187,2024-03-11 09:20,UPST,TRADE,,"$100,000",,26.0,27.0,25.0,YES
1188,2024-03-12 09:19,QQQ,TRADE,,"$100,000",,435.0,439.7,433.0,YES
1189,2024-03-12 09:19,TQQQ,TRADE,,"$100,000",,58.6,60.4,58.0,YES
1190,2024-03-12 09:19,SPY,TRADE,,"$100,000",,508.4,513.4,508.0,YES
1191,2024-03-12 09:19,TNA,TRADE,,"$100,000",,39.1,40.2,38.6,YES
1192,2024-03-12 09:19,SOXL,TRADE,,"$100,000",,45.3,48.7,45.0,YES
1193,2024-03-12 09:19,UPST,TRADE,,"$100,000",,25.0,26.6,24.6,YES
1194,2024-03-13 09:21,QQQ,TRADE,,"$100,000",,437.4,443.0,437.0,YES
1195,2024-03-13 09:21,TQQQ,TRADE,,"$100,000",,60.0,61.6,59.6,YES
1196,2024-03-13 09:21,SPY,TRADE,,"$100,000",,512.7,517.5,512.0,YES
1197,2024-03-13 09:21,TNA,TRADE,,"$100,000",,38.6,39.9,38.0,YES
1198,2024-03-13 09:21,SOXL,TRADE,,"$100,000",,47.0,49.0,46.8,YES
1199,2024-03-13 09:21,UPST,TRADE,,"$100,000",,24.1,25.2,23.8,YES
1200,2024-03-14 09:20,QQQ,TRADE,,"$100,000",,438.6,443.0,437.3,YES
1201,2024-03-14 09:20,TQQQ,TRADE,,"$100,000",,60.2,61.5,59.3,YES
1202,2024-03-14 09:20,SPY,TRADE,,"$100,000",,515.4,517.8,513.3,YES
1203,2024-03-14 09:20,TNA,TRADE,,"$100,000",,39.8,40.6,39.0,YES
1204,2024-03-14 09:20,SOXL,TRADE,,"$100,000",,44.3,45.9,43.6,YES
1205,2024-03-15 09:21,QQQ,TRADE,,"$100,000",,436.1,438.0,434.7,YES
1206,2024-03-15 09:21,TQQQ,TRADE,,"$100,000",,58.7,59.6,58.0,YES
1207,2024-03-15 09:21,SPY,TRADE,,"$100,000",,510.3,513.0,510.0,YES
1208,2024-03-15 09:21,TNA,TRADE,,"$100,000",,37.3,38.4,37.0,YES
1209,2024-03-15 09:21,SOXL,TRADE,,"$100,000",,42.4,43.5,42.0,YES
1210,2024-03-18 09:22,TQQQ,TRADE,,"$100,000",,58.7,60.1,58.0,YES
1211,2024-03-18 09:22,SPY,TRADE,,"$100,000",,511.8,513.3,510.0,YES
1212,2024-03-18 09:22,TNA,TRADE,,"$100,000",,37.8,39.0,37.0,YES
1213,2024-03-18 09:22,SOXL,TRADE,,"$100,000",,43.8,46.0,43.0,YES
1214,2024-03-19 09:22,QQQ,TRADE,,"$100,000",,434.0,435.8,433.0,YES
1215,2024-03-19 09:22,TQQQ,TRADE,,"$100,000",,57.8,58.8,57.0,YES
1216,2024-03-19 09:22,SPY,TRADE,,"$100,000",,510.2,512.0,509.7,YES
1217,2024-03-19 09:22,UPST,TRADE,,"$100,000",,22.9,23.7,22.0,YES
1218,2024-03-20 09:21,QQQ,TRADE,,"$100,000",,433.3,441.2,432.7,YES
1219,2024-03-20 09:21,TQQQ,TRADE,,"$100,000",,57.2,60.6,56.8,YES
1220,2024-03-20 09:21,SPY,TRADE,,"$100,000",,510.8,517.0,510.0,YES
1221,2024-03-20 09:21,TNA,TRADE,,"$100,000",,36.1,39.2,35.7,YES
1222,2024-03-20 09:21,SOXL,TRADE,,"$100,000",,40.9,43.4,40.0,YES
1223,2024-03-20 09:21,UPST,TRADE,,"$100,000",,23.3,25.3,22.0,YES
1224,2024-03-21 09:23,QQQ,TRADE,,"$100,000",,444.3,448.5,443.7,YES
1225,2024-03-21 09:23,TQQQ,TRADE,,"$100,000",,61.6,63.5,61.0,YES
1226,2024-03-21 09:23,SPY,TRADE,,"$100,000",,522.1,523.5,521.6,YES
1227,2024-03-21 09:23,TNA,TRADE,,"$100,000",,39.0,42.0,38.5,YES
1228,2024-03-21 09:23,SOXL,TRADE,,"$100,000",,44.8,47.8,44.0,YES
1229,2024-03-22 09:20,QQQ,TRADE,,"$100,000",,444.3,445.7,443.7,YES
1230,2024-03-22 09:20,TQQQ,TRADE,,"$100,000",,61.8,62.4,61.0,YES
1231,2024-03-22 09:20,SPY,TRADE,,"$100,000",,520.5,521.8,520.0,YES
1232,2024-03-22 09:20,TNA,TRADE,,"$100,000",,40.9,41.5,40.0,YES
1233,2024-03-22 09:20,SOXL,TRADE,,"$100,000",,44.7,46.2,44.0,YES
1234,2024-03-25 09:20,QQQ,TRADE,,"$100,000",,442.7,444.2,441.9,YES
1235,2024-03-25 09:20,TQQQ,TRADE,,"$100,000",,61.1,62.0,60.6,YES
1236,2024-03-25 09:20,SPY,TRADE,,"$100,000",,518.8,520.3,518.0,YES
1237,2024-03-25 09:20,TNA,TRADE,,"$100,000",,39.5,40.2,39.0,YES
1238,2024-03-25 09:20,SOXL,TRADE,,"$100,000",,43.7,44.8,43.0,YES
1239,2024-03-26 09:20,QQQ,TRADE,,"$100,000",,444.5,446.6,444.0,YES
1240,2024-03-26 09:20,TQQQ,TRADE,,"$100,000",,61.6,62.6,61.0,YES
1241,2024-03-26 09:20,SPY,TRADE,,"$100,000",,520.3,521.3,519.7,YES
1242,2024-03-26 09:20,TNA,TRADE,,"$100,000",,40.3,41.0,40.0,YES
1243,2024-03-26 09:20,SOXL,TRADE,,"$100,000",,45.6,47.2,44.7,YES
1244,2024-03-26 09:20,UPST,TRADE,,"$100,000",,26.0,26.7,25.6,YES
1245,2024-03-27 09:22,QQQ,TRADE,,"$100,000",,444.3,447.2,443.6,YES
1246,2024-03-27 09:22,TQQQ,TRADE,,"$100,000",,61.7,63.0,61.0,YES
1247,2024-03-27 09:22,TNA,TRADE,,"$100,000",,40.2,41.3,39.7,YES
1248,2024-03-27 09:22,SOXL,TRADE,,"$100,000",,45.5,47.3,44.7,YES
1249,2024-03-27 09:22,UPST,TRADE,,"$100,000",,26.3,27.3,25.7,YES
1250,2024-03-28 09:21,QQQ,TRADE,,"$100,000",,443.2,446.2,442.7,YES
1251,2024-03-28 09:21,TQQQ,TRADE,,"$100,000",,61.3,62.6,60.7,YES
1252,2024-03-28 09:21,SPY,TRADE,,"$100,000",,520.3,524.3,519.6,YES
1253,2024-03-28 09:21,TNA,TRADE,,"$100,000",,41.5,42.8,41.0,YES
1254,2024-03-28 09:21,SOXL,TRADE,,"$100,000",,44.8,47.2,44.0,YES
1255,2024-03-28 09:21,UPST,TRADE,,"$100,000",,26.3,28.3,26.0,YES
1256,2024-04-01 09:19,QQQ,TRADE,,"$100,000",,443.2,445.5,442.7,YES
1257,2024-04-01 09:19,TQQQ,TRADE,,"$100,000",,61.2,62.1,60.6,YES
1258,2024-04-01 09:19,SPY,TRADE,,"$100,000",,522.1,524.2,521.7,YES
1259,2024-04-01 09:19,TNA,TRADE,,"$100,000",,42.5,43.6,42.0,YES
1260,2024-04-01 09:19,UPST,TRADE,,"$100,000",,26.0,27.3,25.5,YES
1261,2024-04-02 09:22,QQQ,TRADE,,"$100,000",,438.3,440.3,438.0,YES
1262,2024-04-02 09:22,TQQQ,TRADE,,"$100,000",,58.5,60.2,58.0,YES
1263,2024-04-02 09:22,SPY,TRADE,,"$100,000",,516.7,518.4,516.0,YES
1264,2024-04-02 09:22,TNA,TRADE,,"$100,000",,39.4,39.8,39.0,YES
1265,2024-04-02 09:22,SOXL,TRADE,,"$100,000",,43.5,45.7,43.0,YES
1266,2024-04-03 09:21,QQQ,TRADE,,"$100,000",,438.5,439.7,437.5,YES
1267,2024-04-03 09:21,TQQQ,TRADE,,"$100,000",,59.2,59.8,58.8,YES
1268,2024-04-03 09:21,SPY,TRADE,,"$100,000",,516.8,518.6,516.0,YES
1269,2024-04-03 09:21,SOXL,TRADE,,"$100,000",,43.2,45.0,42.8,YES
1270,2024-04-04 09:18,QQQ,TRADE,,"$100,000",,444.2,447.3,444.0,YES
1271,2024-04-04 09:18,TQQQ,TRADE,,"$100,000",,61.3,63.0,61.0,YES
1272,2024-04-04 09:18,SPY,TRADE,,"$100,000",,520.3,524.5,520.0,YES
1273,2024-04-04 09:18,TNA,TRADE,,"$100,000",,40.2,41.4,39.7,YES
1274,2024-04-04 09:18,UPST,TRADE,,"$100,000",,26.0,27.0,25.7,YES
1275,2024-04-05 09:20,QQQ,TRADE,,"$100,000",,435.6,438.9,435.0,YES
1276,2024-04-05 09:20,TQQQ,TRADE,,"$100,000",,57.7,58.8,57.4,YES
1277,2024-04-05 09:20,SPY,TRADE,,"$100,000",,513.0,515.2,512.8,YES
1278,2024-04-05 09:20,SOXL,TRADE,,"$100,000",,41.8,42.8,41.0,YES
1279,2024-04-08 09:21,QQQ,TRADE,,"$100,000",,440.3,441.2,440.0,YES
1280,2024-04-08 09:21,TQQQ,TRADE,,"$100,000",,59.8,60.6,59.2,YES
1281,2024-04-08 09:21,SPY,TRADE,,"$100,000",,517.9,520.2,517.0,YES
1282,2024-04-08 09:21,TNA,TRADE,,"$100,000",,38.7,40.1,38.0,YES
1283,2024-04-08 09:21,SOXL,TRADE,,"$100,000",,43.6,45.3,43.0,YES
1284,2024-04-09 09:21,TQQQ,TRADE,,"$100,000",,59.8,61.2,59.0,YES
1285,2024-04-09 09:21,SPY,TRADE,,"$100,000",,519.2,521.3,518.6,YES
1286,2024-04-09 09:21,TNA,TRADE,,"$100,000",,39.7,40.5,39.0,YES
1287,2024-04-09 09:21,UPST,TRADE,,"$100,000",,24.8,25.6,24.0,YES
1288,2024-04-09 09:21,SOXL,TRADE,,"$100,000",,43.8,45.3,43.0,YES
1289,2024-04-10 09:21,QQQ,TRADE,,"$100,000",,434.7,438.2,434.0,YES
1290,2024-04-10 09:21,TQQQ,TRADE,,"$100,000",,57.3,58.7,57.0,YES
1291,2024-04-10 09:21,SPY,TRADE,,"$100,000",,512.8,515.0,512.0,YES
1292,2024-04-10 09:21,SOXL,TRADE,,"$100,000",,41.9,43.5,41.0,YES
1293,2024-04-11 09:21,QQQ,TRADE,,"$100,000",,437.0,441.0,436.7,YES
1294,2024-04-11 09:21,TQQQ,TRADE,,"$100,000",,58.7,60.1,58.0,YES
1295,2024-04-11 09:21,SPY,TRADE,,"$100,000",,513.2,516.7,512.7,YES
1296,2024-04-11 09:21,SOXL,TRADE,,"$100,000",,42.8,43.6,42.0,YES
1297,2024-04-12 09:18,QQQ,TRADE,,"$100,000",,439.7,442.8,439.0,YES
1298,2024-04-12 09:18,TQQQ,TRADE,,"$100,000",,59.4,60.2,59.0,YES
1299,2024-04-12 09:18,SPY,TRADE,,"$100,000",,512.9,516.0,512.0,YES
1300,2024-04-12 09:18,SOXL,TRADE,,"$100,000",,43.1,44.3,42.6,YES
1301,2024-04-12 09:18,UPST,TRADE,,"$100,000",,23.9,24.8,23.0,YES
1302,2024-04-15 09:19,SOXL,TRADE,,"$100,000",,41.8,43.2,41.0,YES
1303,2024-04-17 09:17,QQQ,TRADE,,"$100,000",,431.2,433.7,430.6,YES
1304,2024-04-17 09:17,TQQQ,TRADE,,"$100,000",,56.0,57.0,55.7,YES
1305,2024-04-17 09:17,SPY,TRADE,,"$100,000",,502.7,506.6,501.6,YES
1306,2024-04-17 09:17,TNA,TRADE,,"$100,000",,33.3,34.4,33.0,YES
1307,2024-04-17 09:17,SOXL,TRADE,,"$100,000",,39.7,41.5,39.0,YES
1308,2024-04-18 09:21,QQQ,TRADE,,"$100,000",,425.6,428.7,424.7,YES
1309,2024-04-18 09:21,TQQQ,TRADE,,"$100,000",,53.7,55.2,53.0,YES
1310,2024-04-18 09:21,SPY,TRADE,,"$100,000",,500.2,502.7,499.0,YES
1311,2024-04-18 09:21,TNA,TRADE,,"$100,000",,32.7,33.5,32.0,YES
1312,2024-04-18 09:21,SOXL,TRADE,,"$100,000",,36.0,37.0,35.6,YES
1313,2024-04-19 09:19,QQQ,TRADE,,"$100,000",,419.9,423.3,419.0,YES
1314,2024-04-19 09:19,TQQQ,TRADE,,"$100,000",,51.8,52.8,50.9,YES
1315,2024-04-19 09:19,SPY,TRADE,,"$100,000",,497.5,500.6,497.0,YES
1316,2024-04-19 09:19,SOXL,TRADE,,"$100,000",,31.6,34.0,31.0,YES
1317,2024-04-22 09:21,QQQ,TRADE,,"$100,000",,414.5,418.0,413.7,YES
1318,2024-04-22 09:21,TQQQ,TRADE,,"$100,000",,49.5,50.8,49.0,YES
1319,2024-04-22 09:21,SPY,TRADE,,"$100,000",,494.8,497.0,494.0,YES
1320,2024-04-22 09:21,TNA,TRADE,,"$100,000",,32.3,33.4,32.0,YES
1321,2024-04-22 09:21,SOXL,TRADE,,"$100,000",,31.2,32.0,30.7,YES
1322,2024-04-23 09:19,QQQ,TRADE,,"$100,000",,417.5,422.6,417.0,YES
1323,2024-04-23 09:19,TQQQ,TRADE,,"$100,000",,50.5,52.3,50.0,YES
1324,2024-04-23 09:19,SPY,TRADE,,"$100,000",,499.4,502.0,499.0,YES
1325,2024-04-23 09:19,TNA,TRADE,,"$100,000",,33.2,33.8,31.8,YES
1326,2024-04-23 09:19,SOXL,TRADE,,"$100,000",,31.6,33.7,31.0,YES
1327,2024-04-23 09:19,UPST,TRADE,,"$100,000",,21.4,22.3,21.0,YES
1328,2024-04-24 09:21,QQQ,TRADE,,"$100,000",,426.5,428.8,426.1,YES
1329,2024-04-24 09:21,TQQQ,TRADE,,"$100,000",,53.6,54.8,53.0,YES
1330,2024-04-24 09:21,SPY,TRADE,,"$100,000",,505.3,507.0,504.8,YES
1331,2024-04-24 09:21,TNA,TRADE,,"$100,000",,34.4,35.2,33.8,YES
1332,2024-04-25 09:21,QQQ,TRADE,,"$100,000",,418.5,421.0,417.6,YES
1333,2024-04-25 09:21,TQQQ,TRADE,,"$100,000",,49.8,51.2,49.0,YES
1334,2024-04-25 09:21,SPY,TRADE,,"$100,000",,497.7,500.2,497.0,YES
1335,2024-04-25 09:21,SOXL,TRADE,,"$100,000",,32.7,34.8,32.0,YES
1336,2024-04-26 09:17,QQQ,TRADE,,"$100,000",,424.7,429.0,424.1,YES
1337,2024-04-26 09:17,TQQQ,TRADE,,"$100,000",,52.7,54.4,52.0,YES
1338,2024-04-26 09:17,SPY,TRADE,,"$100,000",,503.5,507.0,503.0,YES
1339,2024-04-26 09:17,SOXL,TRADE,,"$100,000",,35.8,37.5,35.0,YES
1340,2024-04-26 09:17,UPST,TRADE,,"$100,000",,21.8,23.1,21.0,YES
1341,2024-04-29 09:21,QQQ,TRADE,,"$100,000",,431.7,434.0,431.0,YES
1342,2024-04-29 09:21,TQQQ,TRADE,,"$100,000",,55.6,56.3,54.7,YES
1343,2024-04-29 09:21,SPY,TRADE,,"$100,000",,508.5,511.0,508.0,YES
1344,2024-04-29 09:21,TNA,TRADE,,"$100,000",,35.5,36.0,35.0,YES
1345,2024-04-29 09:21,SOXL,TRADE,,"$100,000",,38.2,40.0,37.6,YES
1346,2024-04-30 09:18,QQQ,TRADE,,"$100,000",,428.2,431.0,427.6,YES
1347,2024-04-30 09:18,TQQQ,TRADE,,"$100,000",,54.3,55.3,54.0,YES
1348,2024-04-30 09:18,SPY,TRADE,,"$100,000",,506.7,509.0,506.0,YES
1349,2024-04-30 09:18,SOXL,TRADE,,"$100,000",,38.6,40.5,38.0,YES
1350,2024-05-01 09:18,QQQ,TRADE,,"$100,000",,421.5,424.8,420.5,YES
1351,2024-05-01 09:18,TQQQ,TRADE,,"$100,000",,51.4,52.8,51.0,YES
1352,2024-05-01 09:18,SPY,TRADE,,"$100,000",,499.5,502.3,499.0,YES
1353,2024-05-01 09:18,SOXL,TRADE,,"$100,000",,36.0,38.0,35.5,YES
1354,2024-05-01 09:18,UPST,TRADE,,"$100,000",,21.5,22.3,21.0,YES
1355,2024-05-02 09:17,QQQ,TRADE,,"$100,000",,422.9,425.8,422.0,YES
1356,2024-05-02 09:17,TQQQ,TRADE,,"$100,000",,51.8,53.0,51.0,YES
1357,2024-05-02 09:17,SPY,TRADE,,"$100,000",,500.2,502.6,499.7,YES
1358,2024-05-02 09:17,SOXL,TRADE,,"$100,000",,34.3,36.0,33.7,YES
1359,2024-05-02 09:17,UPST,TRADE,,"$100,000",,22.3,23.5,21.8,YES
1360,2024-05-03 09:18,QQQ,TRADE,,"$100,000",,429.8,435.4,429.0,YES
1361,2024-05-03 09:18,TQQQ,TRADE,,"$100,000",,55.2,57.0,54.7,YES
1362,2024-05-03 09:18,SPY,TRADE,,"$100,000",,508.7,512.0,508.0,YES
1363,2024-05-03 09:18,TNA,TRADE,,"$100,000",,37.1,38.7,36.7,YES
1364,2024-05-06 09:16,QQQ,TRADE,,"$100,000",,434.8,437.3,434.0,YES
1365,2024-05-06 09:16,TQQQ,TRADE,,"$100,000",,56.3,58.0,55.8,YES
1366,2024-05-06 09:16,SPY,TRADE,,"$100,000",,511.7,514.2,511.0,YES
1367,2024-05-06 09:16,UPST,TRADE,,"$100,000",,23.7,25.2,23.0,YES
1368,2024-05-07 09:18,QQQ,TRADE,,"$100,000",,436.8,441.5,436.0,YES
1369,2024-05-07 09:18,TQQQ,TRADE,,"$100,000",,57.8,60.0,57.0,YES
1370,2024-05-07 09:18,SPY,TRADE,,"$100,000",,514.5,518.2,513.7,YES
1371,2024-05-07 09:18,SOXL,TRADE,,"$100,000",,40.7,42.0,40.0,YES
1372,2024-05-08 09:16,QQQ,TRADE,,"$100,000",,437.1,439.4,436.6,YES
1373,2024-05-08 09:16,TQQQ,TRADE,,"$100,000",,57.3,58.0,56.8,YES
1374,2024-05-08 09:16,SPY,TRADE,,"$100,000",,514.5,515.8,513.7,YES
1375,2024-05-08 09:16,SOXL,TRADE,,"$100,000",,38.3,39.0,37.9,YES
1376,2024-05-09 09:21,QQQ,TRADE,,"$100,000",,438.8,441.3,438.0,YES
1377,2024-05-09 09:21,TQQQ,TRADE,,"$100,000",,58.0,58.7,57.6,YES
1378,2024-05-09 09:21,SPY,TRADE,,"$100,000",,515.8,517.8,515.0,YES
1379,2024-05-09 09:21,SOXL,TRADE,,"$100,000",,39.5,40.8,39.0,YES
1380,2024-05-10 09:21,QQQ,TRADE,,"$100,000",,439.8,444.0,439.0,YES
1381,2024-05-10 09:21,TQQQ,TRADE,,"$100,000",,58.5,60.1,58.0,YES
1382,2024-05-10 09:21,SPY,TRADE,,"$100,000",,518.7,522.2,518.0,YES
1383,2024-05-10 09:21,SOXL,TRADE,,"$100,000",,39.7,40.7,38.9,YES
1384,2024-05-10 09:21,UPST,TRADE,,"$100,000",,25.5,26.3,24.8,YES
1385,2024-05-13 09:20,QQQ,TRADE,,"$100,000",,442.3,444.3,441.7,YES
1386,2024-05-13 09:20,TQQQ,TRADE,,"$100,000",,59.3,60.1,59.0,YES
1387,2024-05-13 09:20,SPY,TRADE,,"$100,000",,520.8,523.4,520.0,YES
1388,2024-05-13 09:20,SOXL,TRADE,,"$100,000",,40.7,41.8,40.0,YES
1389,2024-05-13 09:20,UPST,TRADE,,"$100,000",,25.6,26.0,25.2,YES
1390,2024-05-14 09:18,QQQ,TRADE,,"$100,000",,441.5,444.3,441.0,YES
1391,2024-05-14 09:18,TQQQ,TRADE,,"$100,000",,58.8,60.1,58.0,YES
1392,2024-05-14 09:18,SPY,TRADE,,"$100,000",,520.3,523.0,519.6,YES
1393,2024-05-14 09:18,UPST,TRADE,,"$100,000",,26.8,28.5,26.0,YES
1394,2024-05-14 09:18,SOXL,TRADE,,"$100,000",,40.7,42.0,40.0,YES
1395,2024-05-15 09:23,QQQ,TRADE,,"$100,000",,447.0,449.5,446.6,YES
1396,2024-05-15 09:23,SPY,TRADE,,"$100,000",,525.0,526.5,524.6,YES
1397,2024-05-16 09:18,QQQ,TRADE,,"$100,000",,448.7,453.0,448.0,YES
1398,2024-05-16 09:18,TQQQ,TRADE,,"$100,000",,62.0,63.5,61.7,YES
1399,2024-05-16 09:18,SPY,TRADE,,"$100,000",,526.5,530.0,525.7,YES
1400,2024-05-16 09:18,SOXL,TRADE,,"$100,000",,45.7,47.7,45.0,YES
1401,2024-05-16 09:18,UPST,TRADE,,"$100,000",,27.2,28.3,26.7,YES
1402,2024-05-17 09:19,QQQ,TRADE,,"$100,000",,451.8,452.9,451.0,YES
1403,2024-05-17 09:19,TQQQ,TRADE,,"$100,000",,62.7,63.6,62.0,YES
1404,2024-05-17 09:19,SPY,TRADE,,"$100,000",,528.2,530.0,527.6,YES
1405,2024-05-17 09:19,SOXL,TRADE,,"$100,000",,46.0,47.3,45.7,YES
1406,2024-05-20 09:21,QQQ,TRADE,,"$100,000",,449.8,452.7,448.3,YES
1407,2024-05-20 09:21,TQQQ,TRADE,,"$100,000",,62.4,63.3,61.7,YES
1408,2024-05-20 09:21,SPY,TRADE,,"$100,000",,528.5,530.0,527.7,YES
1409,2024-05-20 09:21,SOXL,TRADE,,"$100,000",,45.5,46.7,44.4,YES
1410,2024-05-21 09:19,QQQ,TRADE,,"$100,000",,451.3,454.0,450.8,YES
1411,2024-05-21 09:19,TQQQ,TRADE,,"$100,000",,62.8,63.8,62.0,YES
1412,2024-05-21 09:19,SPY,TRADE,,"$100,000",,528.6,529.8,528.0,YES
1413,2024-05-21 09:19,UPST,TRADE,,"$100,000",,24.9,26.0,24.7,YES
1414,2024-05-21 09:19,SOXL,TRADE,,"$100,000",,46.0,47.6,45.8,YES
1415,2024-05-22 09:21,QQQ,TRADE,,"$100,000",,452.8,456.0,452.0,YES
1416,2024-05-22 09:21,TQQQ,TRADE,,"$100,000",,63.4,64.7,62.8,YES
1417,2024-05-22 09:21,SPY,TRADE,,"$100,000",,528.4,532.0,527.8,YES
1418,2024-05-22 09:21,SOXL,TRADE,,"$100,000",,48.1,49.7,47.6,YES
1419,2024-05-24 09:16,QQQ,TRADE,,"$100,000",,453.5,455.3,453.0,YES
1420,2024-05-24 09:16,TQQQ,TRADE,,"$100,000",,63.7,64.3,63.0,YES
1421,2024-05-24 09:16,SPY,TRADE,,"$100,000",,526.8,527.8,526.0,YES
1422,2024-05-24 09:16,SOXL,TRADE,,"$100,000",,49.5,50.2,49.0,YES
1423,2024-05-28 09:19,QQQ,TRADE,,"$100,000",,456.0,459.8,455.7,YES
1424,2024-05-28 09:19,TQQQ,TRADE,,"$100,000",,64.8,66.4,64.0,YES
1425,2024-05-28 09:19,SPY,TRADE,,"$100,000",,528.3,531.0,527.8,YES
1426,2024-05-28 09:19,SOXL,TRADE,,"$100,000",,50.8,53.2,50.0,YES
1427,2024-05-28 09:19,OXY,TRADE,,"$100,000",,61.8,62.5,61.0,YES
1428,2024-05-29 09:18,QQQ,TRADE,,"$100,000",,453.8,456.6,453.0,YES
1429,2024-05-29 09:18,TQQQ,TRADE,,"$100,000",,63.7,65.0,63.0,YES
1430,2024-05-29 09:18,SPY,TRADE,,"$100,000",,524.7,526.5,524.0,YES
1431,2024-05-29 09:18,SOXL,TRADE,,"$100,000",,51.1,51.8,50.7,YES
1432,2024-05-30 09:20,QQQ,TRADE,,"$100,000",,453.5,455.5,453.0,YES
1433,2024-05-30 09:20,TQQQ,TRADE,,"$100,000",,63.5,64.2,62.8,YES
1434,2024-05-30 09:20,SPY,TRADE,,"$100,000",,523.6,524.3,523.0,YES
1435,2024-05-30 09:20,SOXL,TRADE,,"$100,000",,49.7,50.8,49.0,YES
1436,2024-05-30 09:20,UPST,TRADE,,"$100,000",,23.0,24.0,22.7,YES
1437,2024-05-31 09:20,QQQ,TRADE,,"$100,000",,450.6,453.0,450.0,YES
1438,2024-05-31 09:20,TQQQ,TRADE,,"$100,000",,62.3,63.4,61.7,YES
1439,2024-05-31 09:20,SPY,TRADE,,"$100,000",,520.8,525.0,520.0,YES
1440,2024-05-31 09:20,UPST,TRADE,,"$100,000",,24.0,25.2,23.7,YES
1441,2024-05-31 09:20,SOXL,TRADE,,"$100,000",,48.1,50.9,47.4,YES
1442,2024-06-03 09:20,QQQ,TRADE,,"$100,000",,452.7,454.8,452.0,YES
1443,2024-06-03 09:20,TQQQ,TRADE,,"$100,000",,62.3,64.0,61.7,YES
1444,2024-06-03 09:20,SPY,TRADE,,"$100,000",,526.3,529.0,526.0,YES
1445,2024-06-03 09:20,SOXL,TRADE,,"$100,000",,49.7,50.9,49.0,YES
1446,2024-06-03 09:20,UPST,TRADE,,"$100,000",,24.1,26.0,23.8,YES
1447,2024-06-04 09:21,QQQ,TRADE,,"$100,000",,449.7,455.3,448.3,YES
1448,2024-06-04 09:21,TQQQ,TRADE,,"$100,000",,62.3,63.5,61.7,YES
1449,2024-06-04 09:21,SPY,TRADE,,"$100,000",,524.1,526.8,523.5,YES
1450,2024-06-04 09:21,SOXL,TRADE,,"$100,000",,47.6,49.5,47.0,YES
1451,2024-06-04 09:21,UPST,TRADE,,"$100,000",,24.0,24.8,23.6,YES
1452,2024-06-05 09:18,QQQ,TRADE,,"$100,000",,456.0,458.5,445.8,YES
1453,2024-06-05 09:18,TQQQ,TRADE,,"$100,000",,64.6,65.1,64.0,YES
1454,2024-06-05 09:18,SPY,TRADE,,"$100,000",,529.3,531.0,528.6,YES
1455,2024-06-05 09:18,SOXL,TRADE,,"$100,000",,48.5,49.9,48.0,YES
1456,2024-06-05 09:18,UPST,TRADE,,"$100,000",,24.3,25.1,23.7,YES
1457,2024-06-06 09:20,QQQ,TRADE,,"$100,000",,460.3,464.2,459.7,YES
1458,2024-06-06 09:20,TQQQ,TRADE,,"$100,000",,65.8,67.8,65.0,YES
1459,2024-06-06 09:20,SPY,TRADE,,"$100,000",,532.2,535.0,531.6,YES
1460,2024-06-06 09:20,SOXL,TRADE,,"$100,000",,52.0,54.3,51.7,YES
1461,2024-06-07 09:16,QQQ,TRADE,,"$100,000",,458.5,462.5,458.0,YES
1462,2024-06-07 09:16,TQQQ,TRADE,,"$100,000",,65.8,67.3,65.0,YES
1463,2024-06-07 09:16,SPY,TRADE,,"$100,000",,530.8,534.2,530.0,YES
1464,2024-06-07 09:16,SOXL,TRADE,,"$100,000",,50.7,52.7,50.0,YES
1465,2024-06-07 09:16,UPST,TRADE,,"$100,000",,24.8,25.4,24.0,YES
